-- MySQL dump 10.13  Distrib 5.5.16, for Win64 (x86)
--
-- Host: localhost    Database: proiect
-- ------------------------------------------------------
-- Server version	5.5.16
/*!40103 SET @OLD_TIME_ZONE=@@TIME_ZONE */;
/*!40103 SET TIME_ZONE='+00:00' */;
/*!40014 SET @OLD_UNIQUE_CHECKS=@@UNIQUE_CHECKS, UNIQUE_CHECKS=0 */;
/*!40014 SET @OLD_FOREIGN_KEY_CHECKS=@@FOREIGN_KEY_CHECKS, FOREIGN_KEY_CHECKS=0 */;
/*!40101 SET @OLD_SQL_MODE=@@SQL_MODE, SQL_MODE='NO_AUTO_VALUE_ON_ZERO' */;
/*!40111 SET @OLD_SQL_NOTES=@@SQL_NOTES, SQL_NOTES=0 */;

--
-- Table structure for table `cards`
--

DROP TABLE IF EXISTS `cards`;
/*!40101 SET @saved_cs_client     = @@character_set_client */;
/*!40101 SET character_set_client = utf8 */;
CREATE TABLE `cards` (
  `CardID` varchar(10) NOT NULL DEFAULT '',
  `MeciID` char(9) DEFAULT NULL,
  `JucatorID` varchar(10) DEFAULT NULL,
  `Culoare` char(20) NOT NULL DEFAULT 'yellow',
  PRIMARY KEY (`CardID`),
  KEY `MeciID` (`MeciID`),
  KEY `JucatorID` (`JucatorID`),
  CONSTRAINT `cards_ibfk_1` FOREIGN KEY (`MeciID`) REFERENCES `matches` (`MeciID`),
  CONSTRAINT `cards_ibfk_2` FOREIGN KEY (`JucatorID`) REFERENCES `players` (`JucatorID`)
) ENGINE=InnoDB DEFAULT CHARSET=latin1;
/*!40101 SET character_set_client = @saved_cs_client */;

--
-- Dumping data for table `cards`
--

LOCK TABLES `cards` WRITE;
/*!40000 ALTER TABLE `cards` DISABLE KEYS */;
INSERT INTO `cards` VALUES ('CARG001','039POLARG','ARG009','yellow'),('CARG002','058NEDARG','ARG009','yellow'),('CARG003','024ARGMEX','ARG007','yellow'),('CARG004','058NEDARG','ARG007','yellow'),('CBEL001','009BENCAN','BEL003','yellow'),('CBEL002','026BELMAR','BEL003','yellow'),('CCMR001','048CMRBRA','CMR001','yellow'),('CCMR002','048CMRBRA','CMR001','red'),('CCRC001','010ESPCRC','CRC005','yellow'),('CCRC002','025JPNCRC','CRC005','yellow'),('CECU001','019NEDECU','ECU003','yellow'),('CECU002','001QATECU','ECU003','yellow'),('CIRN001','002ENGIRN','IRN005','yellow'),('CIRN002','017WALIRN','IRN005','yellow'),('CJPN001','025JPNCRC','JPN008','yellow'),('CJPN002','043JPNESP','JPN008','yellow'),('CKSA001','005ARGKSA','KSA004','yellow'),('CKSA002','022POLKSA','KSA004','yellow'),('CMAR001','062FRAMAR','MAR009','yellow'),('CMAR002','062FRAMAR','MAR009','red'),('CNED001','058NEDARG','NED007','yellow'),('CNED002','058NEDARG','NED007','red'),('CSEN001','035ECUSEN','SEN006','yellow'),('CSEN002','003SENNED','SEN006','yellow'),('CWAL001','017WALIRN','WAL002','red');
/*!40000 ALTER TABLE `cards` ENABLE KEYS */;
UNLOCK TABLES;

--
-- Table structure for table `goals`
--

DROP TABLE IF EXISTS `goals`;
/*!40101 SET @saved_cs_client     = @@character_set_client */;
/*!40101 SET character_set_client = utf8 */;
CREATE TABLE `goals` (
  `GolID` varchar(10) NOT NULL,
  `MeciID` char(9) NOT NULL,
  `JucatorID` varchar(10) NOT NULL,
  `Minut` char(8) DEFAULT NULL,
  `Tip` char(15) DEFAULT '(A)',
  PRIMARY KEY (`GolID`),
  KEY `MeciID` (`MeciID`),
  KEY `JucatorID` (`JucatorID`),
  CONSTRAINT `goals_ibfk_1` FOREIGN KEY (`MeciID`) REFERENCES `matches` (`MeciID`),
  CONSTRAINT `goals_ibfk_2` FOREIGN KEY (`JucatorID`) REFERENCES `players` (`JucatorID`)
) ENGINE=InnoDB DEFAULT CHARSET=latin1;
/*!40101 SET character_set_client = @saved_cs_client */;

--
-- Dumping data for table `goals`
--

LOCK TABLES `goals` WRITE;
/*!40000 ALTER TABLE `goals` DISABLE KEYS */;
INSERT INTO `goals` VALUES ('ARGAUS001','050ARGAUS','ARG001','35\'','(A)'),('ARGAUS002','050ARGAUS','ARG004','57\'','(A)'),('ARGAUS003','050ARGAUS','ARG002','77\'','(OG)'),('ARGKSA001','005ARGKSA','ARG001','10\'','(P)'),('ARGKSA002','005ARGKSA','KSA002','48\'','(A)'),('ARGKSA003','005ARGKSA','KSA003','53\'','(A)'),('ARGMEX001','024ARGMEX','ARG001','64\'','(A)'),('ARGMEX002','024ARGMEX','ARG002','87\'','(A)'),('AUSDEN001','037AUSDEN','AUS004','60\'','(A)'),('BELMAR001','026BELMAR','MAR001','73\'','(A)'),('BELMAR002','026BELMAR','MAR002','90+2\'','(A)'),('BENCAN001','009BENCAN','BEL002','44\'','(A)'),('BRAKOR001','054BRAKOR','BRA004','7\'','(A)'),('BRAKOR002','054BRAKOR','BRA005','13\'','(P)'),('BRAKOR003','054BRAKOR','BRA002','29\'','(A)'),('BRAKOR004','054BRAKOR','BRA006','36\'','(A)'),('BRAKOR005','054BRAKOR','KOR005','76\'','(A)'),('BRASRB001','016BRASRB','BRA002','73\'','(A)'),('BRASRB002','016BRASRB','BRA002','62\'','(A)'),('BRASUI001','031BRASUI','BRA003','83\'','(A)'),('CANMAR001','042CANMAR','MAR003','4\'','(A)'),('CANMAR002','042CANMAR','MAR004','23\'','(A)'),('CANMAR003','042CANMAR','MAR005','40\'','(OG)'),('CMRBRA001','048CMRBRA','CMR001','90+2\'','(A)'),('CMRSRB001','029CMRSRB','CMR002','29\'','(A)'),('CMRSRB002','029CMRSRB','SRB002','45+1\'','(A)'),('CMRSRB003','029CMRSRB','SRB003','45+3\'','(A)'),('CMRSRB004','029CMRSRB','SRB004','53\'','(A)'),('CMRSRB005','029CMRSRB','CMR001','63\'','(A)'),('CMRSRB006','029CMRSRB','CMR003','66\'','(A)'),('CRCGER001','044CRCGER','GER004','10\'','(A)'),('CRCGER002','044CRCGER','CRC003','58\'','(A)'),('CRCGER003','044CRCGER','CRC004','70\'','(A)'),('CRCGER004','044CRCGER','GER005','73\'','(A)'),('CRCGER005','044CRCGER','GER005','85\'','(A)'),('CRCGER006','044CRCGER','GER003','89\'','(A)'),('CROBRA001','057CROBRA','BRA005','105+1\'','(A)'),('CROBRA002','057CROBRA','CRO009','117\'','(A)'),('CROBRA0P1','057CROBRA','CRO006','','Penalty scored'),('CROBRA0P2','057CROBRA','BRA007','','Penalty missed'),('CROBRA0P3','057CROBRA','CRO004','','Penalty scored'),('CROBRA0P4','057CROBRA','BRA003','','Penalty scored'),('CROBRA0P5','057CROBRA','CRO001','','Penalty scored'),('CROBRA0P6','057CROBRA','BRA008','','Penalty scored'),('CROBRA0P7','057CROBRA','CRO010','','Penalty scored'),('CROBRA0P8','057CROBRA','BRA009','','Penalty missed'),('CROCAN001','027CROCAN','CRO002','36\'','(A)'),('CROCAN002','027CROCAN','CRO003','44\'','(A)'),('CROCAN003','027CROCAN','CRO002','70\'','(A)'),('CROCAN004','027CROCAN','CRO004','90+4\'','(A)'),('CROCAN005','027CROCAN','CAN002','2\'','(A)'),('ECUSEN001','035ECUSEN','SEN005','44\'','(P)'),('ECUSEN002','035ECUSEN','ECU002','67\'','(A)'),('ECUSEN003','035ECUSEN','SEN001','70\'','(A)'),('ENGFRA001','060ENGFRA','FRA005','17\'','(A)'),('ENGFRA002','060ENGFRA','ENG001','54\'','(P)'),('ENGFRA003','060ENGFRA','FRA004','78\'','(A)'),('ENGIRN001','002ENGIRN','ENG002','35\'','(A)'),('ENGIRN002','002ENGIRN','ENG003','43\'','(A)'),('ENGIRN003','002ENGIRN','ENG004','45+1\'','(A)'),('ENGIRN004','002ENGIRN','ENG003','62\'','(A)'),('ENGIRN005','002ENGIRN','IRN002','65\'','(A)'),('ENGIRN006','002ENGIRN','ENG005','71\'','(A)'),('ENGIRN007','002ENGIRN','ENG006','90\'','(A)'),('ENGIRN008','002ENGIRN','IRN002','90+13\'','(P)'),('ENGSEN001','052ENGSEN','ENG008','38\'','(A)'),('ENGSEN002','052ENGSEN','ENG001','45+3\'','(A)'),('ENGSEN003','052ENGSEN','ENG003','57\'','(A)'),('ESPCRC001','010ESPCRC','ESP022','11\'','(A)'),('ESPCRC002','010ESPCRC','ESP018','21\'','(A)'),('ESPCRC003','010ESPCRC','ESP019','31\'','(P)'),('ESPCRC004','010ESPCRC','ESP019','54\'','(A)'),('ESPCRC005','010ESPCRC','ESP013','74\'','(A)'),('ESPCRC006','010ESPCRC','ESP015','90\'','(A)'),('ESPCRC007','010ESPCRC','ESP017','90+2\'','(A)'),('ESPGER001','028ESPGER','ESP017','62\'','(A)'),('ESPGER002','028ESPGER','GER003','83\'','(A)'),('FRAAUS001','008FRAAUS','AUS002','9\'','(A)'),('FRAAUS002','008FRAAUS','FRA002','27\'','(A)'),('FRAAUS003','008FRAAUS','FRA004','32\'','(A)'),('FRAAUS004','008FRAAUS','FRA003','68\'','(A)'),('FRAAUS005','008FRAAUS','FRA004','71\'','(A)'),('FRADEN001','023FRADEN','FRA003','61\'','(A)'),('FRADEN002','023FRADEN','DEN002','68\'','(A)'),('FRADEN003','023FRADEN','FRA003','86\'','(A)'),('FRAPOL001','051FRAPOL','FRA004','44\'','(A)'),('FRAPOL002','051FRAPOL','FRA003','74\'','(A)'),('FRAPOL003','051FRAPOL','FRA003','90+1\'','(A)'),('FRAPOL004','051FRAPOL','POL001','90+9\'','(P)'),('GERJPN001','011GERJPN','GER002','33\'','(P)'),('GERJPN002','011GERJPN','JPN002','75\'','(A)'),('GERJPN003','011GERJPN','JPN003','83\'','(A)'),('GHAURU001','045GHAURU','URU002','26\'','(A)'),('GHAURU002','045GHAURU','URU002','32\'','(A)'),('IRNUSA001','034IRNUSA','USA003','38\'','(A)'),('JPNCRC001','025JPNCRC','CRC002','81\'','(A)'),('JPNCRO001','053JPNCRO','JPN005','43\'','(A)'),('JPNCRO002','053JPNCRO','CRO005','55\'','(A)'),('JPNESP001','043JPNESP','ESP017','11\'','(A)'),('JPNESP002','043JPNESP','JPN002','48\'','(A)'),('JPNESP003','043JPNESP','JPN004','51\'','(A)'),('JPPCRO0P1','053JPNCRO','CRO008','','Penalty scored'),('JPPCRO0P2','053JPNCRO','JPN001','','Penalty missed'),('JPPCRO0P3','053JPNCRO','CRO003','','Penalty missed'),('JPPCRO0P4','053JPNCRO','JPN003','','Penalty scored'),('JPPCRO0P5','053JPNCRO','CRO007','','Penalty scored'),('JPPCRO0P6','053JPNCRO','JPN007','','Penalty missed'),('JPPCRO0P7','053JPNCRO','CRO006','','Penalty scored'),('JPPCRO0P8','053JPNCRO','JPN006','','Penalty missed'),('KORGHA001','030KORGHA','GHA004','24\'','(A)'),('KORGHA002','030KORGHA','GHA003','34\'','(A)'),('KORGHA003','030KORGHA','KOR002','58\'','(A)'),('KORGHA004','030KORGHA','KOR002','61\'','(A)'),('KORGHA005','030KORGHA','GHA003','68\'','(A)'),('KORPOR001','046KORPOR','POR005','5\'','(A)'),('KORPOR002','046KORPOR','KOR003','27\'','(A)'),('KORPOR003','046KORPOR','KOR004','90+1\'','(A)'),('KSAMEX001','040KSAMEX','MEX002','47\'','(A)'),('KSAMEX002','040KSAMEX','MEX003','52\'','(A)'),('KSAMEX003','040KSAMEX','KSA003','90+5\'','(A)'),('MARESP0P1','055MARESP','MAR006','','Penalty scored'),('MARESP0P2','055MARESP','ESP023','','Penalty missed'),('MARESP0P3','055MARESP','MAR003','','Penalty scored'),('MARESP0P4','055MARESP','ESP015','','Penalty missed'),('MARESP0P5','055MARESP','MAR007','','Penalty missed'),('MARESP0P6','055MARESP','ESP001','','Penalty missed'),('MARESP0P7','055MARESP','MAR008','','Penalty scored'),('MARPOR001','059MARPOR','MAR004','42\'','(A)'),('NEDARG001','058NEDARG','ARG001','35\'','(A)'),('NEDARG002','058NEDARG','ARG001','73\'','(P)'),('NEDARG003','058NEDARG','NED008','83\'','(A)'),('NEDARG004','058NEDARG','NED008','90+11\'','(A)'),('NEDARG02','058NEDARG','ARG001','','Penalty scored'),('NEDARG0P1','058NEDARG','NED001','','Penalty missed'),('NEDARG0P10','058NEDARG','ARG008','','Penalty scored'),('NEDARG0P3','058NEDARG','NED010','','Penalty missed'),('NEDARG0P4','058NEDARG','ARG006','','Penalty scored'),('NEDARG0P5','058NEDARG','NED011','','Penalty scored'),('NEDARG0P6','058NEDARG','ARG007','','Penalty scored'),('NEDARG0P7','058NEDARG','NED008','','Penalty scored'),('NEDARG0P8','058NEDARG','ARG002','','Penalty missed'),('NEDARG0P9','058NEDARG','NED009','','Penalty scored'),('NEDECU001','019NEDECU','NED002','6\'','(A)'),('NEDECU002','019NEDECU','ECU001','49\'','(A)'),('NEDQAT001','036NEDQAT','NED002','26\'','(A)'),('NEDQAT002','036NEDQAT','NED004','49\'','(A)'),('NEDUSA001','049NEDUSA','NED005','10\'','(A)'),('NEDUSA002','049NEDUSA','NED006','45+1\'','(A)'),('NEDUSA003','049NEDUSA','USA004','76\'','(A)'),('NEDUSA004','049NEDUSA','NED007','81\'','(A)'),('POLARG001','039POLARG','ARG005','46\'\'','(A)'),('POLARG002','039POLARG','ARG004','67\'','(A)'),('POLKSA001','022POLKSA','POL002','39\'','(A)'),('POLKSA002','022POLKSA','POL001','82\'','(A)'),('PORGHA001','015PORGHA','POR001','65\'','(P)'),('PORGHA002','015PORGHA','GHA001','73\'','(A)'),('PORGHA003','015PORGHA','POR002','78\'','(A)'),('PORGHA004','015PORGHA','POR003','80\'','(A)'),('PORGHA005','015PORGHA','GHA002','89\'','(A)'),('PORSUI001','056PORSUI','POR006','17\'','(A)'),('PORSUI002','056PORSUI','POR007','33\'','(A)'),('PORSUI003','056PORSUI','POR006','51\'','(A)'),('PORSUI004','056PORSUI','POR008','55\'','(A)'),('PORSUI005','056PORSUI','SUI005','58\'','(A)'),('PORSUI006','056PORSUI','POR006','67\'','(A)'),('PORSUI007','056PORSUI','POR003','90+2\'','(A)'),('PORURU001','032PORURU','POR004','54\'','(A)'),('PORURU002','032PORURU','POR004','90+3\'','(P)'),('QATECU001','001QATECU','ECU001','16\'','(P)'),('QATECU002','001QATECU','ECU001','31\'','(A)'),('QATSEN001','018QATSEN','SEN002','41\'','(A)'),('QATSEN002','018QATSEN','SEN003','48\'','(A)'),('QATSEN003','018QATSEN','QAT002','78\'','(A)'),('QATSEN004','018QATSEN','SEN004','84\'','(A)'),('SENNED001','003SENNED','NED002','84\'','(A)'),('SENNED002','003SENNED','NED003','90+9\'','(A)'),('SRBSUI001','047SRBSUI','SUI003','20\'','(A)'),('SRBSUI002','047SRBSUI','SRB004','26\'','(A)'),('SRBSUI003','047SRBSUI','SRB005','35\'','(A)'),('SRBSUI004','047SRBSUI','SUI002','44\'','(A)'),('SRBSUI005','047SRBSUI','SUI004','48\'','(A)'),('SUICMR001','013SUICRM','SUI002','48\'','(A)'),('TUNAUS001','021TUNAUS','AUS003','23\'','(A)'),('TUNFRA001','038TUNFRA','TUN002','58\'','(A)'),('USAWAL001','004USAWAL','USA002','36\'','(A)'),('USAWAL002','004USAWAL','WAL001','82\'','(P)'),('WALENG001','033WALENG','ENG005','50\'','(A)'),('WALENG002','033WALENG','ENG007','51\'','(A)'),('WALENG003','033WALENG','ENG005','68\'','(A)'),('WALIRN001','017WALIRN','IRN004','90+8\'','(A)'),('WALIRN002','017WALIRN','IRN003','90+11\'','(A)');
/*!40000 ALTER TABLE `goals` ENABLE KEYS */;
UNLOCK TABLES;

--
-- Table structure for table `matches`
--

DROP TABLE IF EXISTS `matches`;
/*!40101 SET @saved_cs_client     = @@character_set_client */;
/*!40101 SET character_set_client = utf8 */;
CREATE TABLE `matches` (
  `MeciID` char(9) NOT NULL,
  `Tara1ID` char(3) DEFAULT NULL,
  `Tara2ID` char(3) DEFAULT NULL,
  `Scor` varchar(10) DEFAULT '  -  ',
  `Etapa` varchar(255) DEFAULT 'NULL',
  `Data` date DEFAULT NULL,
  `StadionID` varchar(50) DEFAULT NULL,
  `ArbitruSefID` varchar(50) DEFAULT NULL,
  `NrSpectatori` int(11) DEFAULT NULL,
  `Ora` varchar(50) DEFAULT NULL,
  PRIMARY KEY (`MeciID`),
  KEY `Tara1ID` (`Tara1ID`),
  KEY `Tara2ID` (`Tara2ID`),
  KEY `ArbitruSefID` (`ArbitruSefID`),
  KEY `StadionID` (`StadionID`),
  CONSTRAINT `matches_ibfk_1` FOREIGN KEY (`Tara1ID`) REFERENCES `teams` (`TaraID`),
  CONSTRAINT `matches_ibfk_2` FOREIGN KEY (`Tara2ID`) REFERENCES `teams` (`TaraID`),
  CONSTRAINT `matches_ibfk_3` FOREIGN KEY (`ArbitruSefID`) REFERENCES `referees` (`ArbitruSefID`),
  CONSTRAINT `matches_ibfk_4` FOREIGN KEY (`StadionID`) REFERENCES `stadiums` (`StadionID`)
) ENGINE=InnoDB DEFAULT CHARSET=latin1;
/*!40101 SET character_set_client = @saved_cs_client */;

--
-- Dumping data for table `matches`
--

LOCK TABLES `matches` WRITE;
/*!40000 ALTER TABLE `matches` DISABLE KEYS */;
INSERT INTO `matches` VALUES ('001QATECU','QAT','ECU','0-2','Group A','2022-11-20','ALKH261','ITA001A',67372,'19:00'),('002ENGIRN','ENG','IRN','6-2','Group B','2022-11-21','ALRY441','BRA001A',45334,'16:00'),('003SENNED','SEN','NED','0-2','Group A','2022-11-21','DOHA352','BRA002A',41721,'19:00'),('004USAWAL','USA','WAL','1-1','Group B','2022-11-21','ALRY463','QAT001A',43418,'22:00'),('005ARGKSA','ARG','KSA','1-2','Group C','2022-11-22','LSIL181','SVN001A',88012,'13:00'),('006DENTUN','DEN','TUN','0-0','Group D','2022-11-22','ALRY452','MEX001A',42925,'16:00'),('007MEXPOL','MEX','POL','0-0','Group C','2022-11-22','DOHA341','AUS001A',39369,'19:00'),('008FRAAUS','FRA','AUS','4-1','Group D','2022-11-22','ALWK541','RSA001A',40875,'22:00'),('009BENCAN','BEL','CAN','1-0','Group F','2022-11-23','ALRY463','ZAM1A',40432,'22:00'),('010ESPCRC','ESP','CRC','7-0','Group E','2022-11-23','DOHA352','UAE001A',40013,'19:00'),('011GERJPN','GER','JPN','1-2','Group E','2022-11-23','ALRY441','SLV001A',42608,'16:00'),('012MARCRO','MAR','CRO','0-0','Group F','2022-11-23','ALKH261','ARG1A',59407,'13:00'),('013SUICRM','SUI','CMR','1-0','Group G','2022-11-24','ALWK541','ARG2A',39089,'13:00'),('014URUKOR','URU','KOR','0-0','Group H','2022-11-24','ALRY452','FRA2A',41663,'16:00'),('015PORGHA','POR','GHA','3-2','Group H','2022-11-24','DOHA341','USA1A',42662,'19:00'),('016BRASRB','BRA','SRB','2-0','Group G','2022-11-24','LSIL181','IRN1A',88103,'22:00'),('017WALIRN','WAL','IRN','0-2','Group B','2022-11-25','ALRY463','GUA1A',40875,'13:00'),('018QATSEN','QAT','SEN','1-3','Group A','2022-11-25','DOHA352','ESP1A',41797,'16:00'),('019NEDECU','NED','ECU','1-1','Group A','2022-11-25','ALRY441','ALG1A',44833,'19:00'),('020ENGUSA','ENG','USA','0-0','Group B','2022-11-25','ALKH261','VEN1A',68463,'22:00'),('021TUNAUS','TUN','AUS','0-1','Group D','2022-11-26','ALKH261','GER1A',41823,'13:00'),('022POLKSA','POL','KSA','2-0','Group C','2022-11-26','ALRY441','BRA002A',44259,'16:00'),('023FRADEN','FRA','DEN','2-1','Group D','2022-11-26','DOHA341','POL1A',42860,'19:00'),('024ARGMEX','ARG','MEX','2-0','Group C','2022-11-26','LSIL181','ITA001A',88966,'22:00'),('025JPNCRC','JPN','CRC','0-1','Group E','2022-11-27','ALRY463','ENG1A',41479,'13:00'),('026BELMAR','BEL','MAR','0-2','Group F','2022-11-27','DOHA352','MEX001A',40432,'16:00'),('027CROCAN','CRO','CAN','4-1','Group F','2022-11-27','ALWK541','URU1A',44374,'19:00'),('028ESPGER','ESP','GER','1-1','Group E','2022-11-27','ALKH261','NED1A',68895,'22:00'),('029CMRSRB','CMR','SRB','3-3','Group G','2022-11-28','ALRY441','UAE001A',39789,'13:00'),('030KORGHA','KOR','GHA','2-3','Group H','2022-11-28','ALRY463','ENG2A',43983,'16:00'),('031BRASUI','BRA','SUI','1-0','Group G','2022-11-28','ALWK541','SLV001A',43649,'19:00'),('032PORURU','POR','URU','2-0','Group H','2022-11-28','DOHA341','IRN1A',88668,'22:00'),('033WALENG','WAL','ENG','0-3','Group B','2022-11-29','ALRY463','SVN001A',44297,'22:00'),('034IRNUSA','IRN','USA','0-1','Group B','2022-11-29','DOHA352','ESP1A',42127,'22:00'),('035ECUSEN','ECU','SEN','1-2','Group A','2022-11-29','ALRY441','FRA2A',44569,'18:00'),('036NEDQAT','NED','QAT','2-0','Group A','2022-11-29','ALKH261','GAM1A',66784,'18:00'),('037AUSDEN','AUS','DEN','1-0','Group D','2022-11-30','ALWK541','ALG1A',41232,'18:00'),('038TUNFRA','TUN','FRA','1-0','Group D','2022-11-30','ALRY452','NZL1A',43627,'18:00'),('039POLARG','POL','ARG','0-2','Group C','2022-11-30','DOHA341','NED1A',44089,'22:00'),('040KSAMEX','KSA','MEX','1-2','Group C','2022-11-30','LSIL181','ENG1A',84985,'22:00'),('041CROBEL','CRO','BEL','0-0','Group F','2022-12-01','ALRY441','ENG2A',43984,'18:00'),('042CANMAR','CAN','MAR','1-2','Group F','2022-12-01','DOHA352','BRA001A',43102,'18:00'),('043JPNESP','JPN','ESP','2-1','Group E','2022-12-01','ALWK541','RSA001A',44851,'22:00'),('044CRCGER','CRC','GER','2-4','Group E','2022-12-01','ALKH261','FRA1A',67054,'22:00'),('045GHAURU','GHA','URU','0-2','Group H','2022-12-02','ALWK541','GER1A',43443,'18:00'),('046KORPOR','KOR','POR','2-1','Group H','2022-12-02','ALRY452','ARG2A',44097,'18:00'),('047SRBSUI','SRB','SUI','2-3','Group G','2022-12-02','DOHA341','ARG1A',41378,'22:00'),('048CMRBRA','CMR','BRA','1-0','Group G','2022-12-02','LSIL181','USA1A',85986,'22:00'),('049NEDUSA','NED','USA','3-1','Round of 16','2022-12-03','ALRY441','BRA002A',44846,'18:00'),('050ARGAUS','ARG','AUS','2-1','Round of 16','2022-12-03','ALRY463','POL1A',45032,'22:00'),('051FRAPOL','FRA','POL','3-1','Round of 16','2022-12-04','DOHA352','VEN1A',40989,'18:00'),('052ENGSEN','ENG','SEN','3-0','Round of 16','2022-12-04','ALKH261','SLV001A',65985,'22:00'),('053JPNCRO','JPN','CRO','1-1 (1-3)','Round of 16','2022-12-05','ALWK541','USA1A',42523,'18:00'),('054BRAKOR','BRA','KOR','4-1','Round of 16','2022-12-05','DOHA341','FRA2A',43847,'22:00'),('055MARESP','MAR','ESP','0-0 (3-0)','Round of 16','2022-12-06','ALRY452','ARG1A',44667,'18:00'),('056PORSUI','POR','SUI','6-1','Round of 16','2022-12-06','LSIL181','MEX001A',83720,'22:00'),('057CROBRA','CRO','BRA','1-1 (4-2)','Quarter-finals','2022-12-09','ALRY452','ENG1A',43893,'18:00'),('058NEDARG','NED','ARG','2-2 (3-4)','Quarter-finals','2022-12-09','LSIL181','ESP1A',88235,'22:00'),('059MARPOR','MAR','POR','1-0','Quarter-finals','2022-12-10','DOHA352','ARG1A',44198,'18:00'),('060ENGFRA','ENG','FRA','1-2','Quarter-finals','2022-12-10','ALKH261','BRA002A',68895,'22:00'),('061ARGCRO','ARG','CRO','  -  ','Semifinals','2022-12-13','LSIL181','ITA001A',NULL,'22:00'),('062FRAMAR','FRA','MAR','  -  ','Semifinals','2022-12-14','ALKH261','ITA001A',NULL,'22:00');
/*!40000 ALTER TABLE `matches` ENABLE KEYS */;
UNLOCK TABLES;

--
-- Table structure for table `news`
--

DROP TABLE IF EXISTS `news`;
/*!40101 SET @saved_cs_client     = @@character_set_client */;
/*!40101 SET character_set_client = utf8 */;
CREATE TABLE `news` (
  `NewsID` int(11) NOT NULL,
  `Title` varchar(255) NOT NULL,
  `Content` longtext,
  `Image` blob,
  PRIMARY KEY (`NewsID`)
) ENGINE=InnoDB DEFAULT CHARSET=latin1;
/*!40101 SET character_set_client = @saved_cs_client */;

--
-- Dumping data for table `news`
--

LOCK TABLES `news` WRITE;
/*!40000 ALTER TABLE `news` DISABLE KEYS */;
INSERT INTO `news` VALUES (100,'English agony as Kane miss sends France through','Harry Kane was England\'s penalty hero, then villain, as the Three Lions were edged out in a dramatic quarter-final against France.\n \nFrance will take on Morocco in the Qatar 2022 semi-finals after a thrilling, topsy-turvy 2-1 win over England at Al Bayt Stadium.\n \nOlivier Giroud’s deflected second-half header ultimately proved to be the winner after Harry Kane blazed over a late penalty, having earlier scored from the spot to cancel out Aurelien Tchouameni’s beautifully struck opener.\n \nMuch was expected of this clash of two European titans, and the game more than lived up to its lofty billing. Neither team was able to maintain control as momentum shifted one direction, then the other, with England starting the brighter before France capitalised on a short spell of pressure.','\0JFIF\0\0`\0`\0\0\0C\0(#(#!#-+(0<dA<77<{X]Idàڭ\0C+--<5<vAAv\0\0\"\0\0\0\0\0\0\0\0\0\0\0\0	\n\0\0\0\0}\0!1AQa\"q2#BR$3br	\n\Z%&\'()*456789:CDEFGHIJSTUVWXYZcdefghijstuvwxyz\0\0\0\0\0\0\0\0	\n\0\0\0w\0!1AQaq\"2B	#3Rbr\n$4%\Z&\'()*56789:CDEFGHIJSTUVWXYZcdefghijstuvwxyz\0\0\0?\0(	ϽGz.m#4YvNjto8(ԵJj+u{T}P=+dj58iHj8f/5%L)ȩl#M)S$xQ$gU\0gRO/Oj(5LH䰩\"YYAX	s@2	jjOS3X$LLy82țRJً8U\0UgKzSM%yx9Cajxd\ndc\'E${T6S8ҚH0NsPjq6F)j4GQ2*\rhEQpOsV$`_C̙Pzb2UIgY@Pfiܮjϒ}MO\rKfҰ\"MKGRW4DRjE~H4 ++ĭ8<SMYԦE=hzϲ	,)\"(]M[ 犧<Ed$r)܆DTRFx-FRGq@\"weWVqޟ$ip7&7S#f01P+()HHcKi\"7Zp9*yDdiMy5Y	jSc \rKlƨ̥\0%9:Է.v#O1PDsQ\0MF+jJTS6.ҭVIu8nٹ(-ፆSD~豤^h**ٌPq?\")90P3֮[B=;\n$qj;dXYy,2jVWU4@8Je܀\nKteay5ǖ1ib_)Ͷy5XmՅUQSfS<j+W4\\I6g:<\\7s)$9Ak\nTBJ!AdVBzԱaTGOnvf@b9Lېab>}mEM2jyT$8RS\Zޒ$-RFIr\\Nr:e)lKVmIdiBN㚹4ɵTEX8i[VczٍTwҭNlI3j5\rJ@$՗lCU\\L7\0b`Oig&\r\"3)hؿ\0NF*9Soq.duO,rj%|PƊo!sJ\\OϵZ֢+Z*ĸ0):\Zt1`NxkZ)xʓHLI{9JzU˄ج穬@i\0qYUg4І]BI&\'#9PQcPˋKs4GU5+FC4w\"H$)4$9I=Ҋv+^Ter`y}WpsҭBwNR<1@fpAM\'f5y\"Ý0T2j+G-@C̓ڨI85fFįbTI-)L٪\n\Z6)#s=).x\0\n<fɬv\0r)R])}6\ntk(UĒ7&fF@j_WR2ϝˑҔ\\f0E&u\"lvOjR3֬[!Kmp=+TF{:Td[$VsH0 UHhj=M@˻5YAI㊲fQ\0#pYr#B7sK[OiۥJb쏜49Dc#\'vsjLZSQ\"$!MXYbdڮ	+*D\0UⳈHO>^=hCc畷p*3X>)w	&\n*Ƞ\") Ug`\nR,lN@tuX+f)kH29EͲfZ/0^bλ$dT[[ bZ*34FCi[zGC(&5;HU,FsLv&Y5zbB\0xLqx/ U0WG4YO\"*x5,H+S@O3#R25#L\njq$z(#5܂i/AN<v)٢\';X0Nj\0ۇj!kǿX1#}kZI\Z͜lfɀqSެt4n>n95POjPpҧ\'O\ZŹIn؁YQfA4+mB>aLC\'_XtoI6i$$mʊ6\ZA0\Z,ԝgr9cQ[dGߘ<)9f+͸m^)p8MA1R2>ҾcL;Q*`0p;)hFz\Z>}1NRr={\0҆@F*Ͻ*lqTF\0JFQIs֬=+GbaAZv72zlqV&%\0l\0j!	cV$\\*\n@4ɥ\r!iVeA)gmtJl\0O?pCqҘYO\\\n:b#$<}*3֥2ӂrMA/>KnCmQt4Dޜ#\0A朢GVu<-B$T8KrwStςI5A*ʹ9z$|\n.\0õUB\r&h\\#\0EYs&cғV.*RB$[M1\"ߎw\nFVF`1d7՛QZIXtf+2Hf5Z)?U5;Jrt֧y*L6;ճjڪriK \Z-I\0SyEG!F38S1;@SqORqjVEe\r1ɩsR0Hnϥ֜S\"H|W\"[I\nT:It\rUØPCR8RRjr~,rB53x)\rBsR=KQOVߙ\\c8Z2P	<To#`#ҴP*EFSa;WQ¡\0xz\0yJy<g.].v%az{Qq0SrB(yJ5j\'WFyJ$JNSOZN*JdlO16Gb1WFt\0{dUOX6enXmS	L%TM#І=2Td%-I>ѻҢIFSnAg,AQ֦-#]y^\0}=e#RHTXUw2Rz\ZP,JXeo4)X̣қ䪎\ZÜvl#:֡$]8==\\҆\'6Ԟ1KGJ:aEPڒ\r\n4TqQh$\n|<Jq楚WZ[Iv`2\'֒sڝ{\n\\Z*x\'1jVRيUu3bIu#{SǖS<TSޔ/qà抲|E@\\A/\"6댊^*Wl/ҝ*Y-	RKqhQq\'or{Rgh!cMI[&,X;(N)ۻRj㋶\r JE+=:CYN5(<Pd-K4ң9)),xja\"MhHcTu>\n6F9Vr }qU\'<Z\Zv\0\0`ElȎIUy	$ҥOzޙ؀J@HzUz%&r8OR|쥱Ia9{\Z|qձ;b~=\rMcI>5\rJ[z&KHtQvS\"Erbkb\rp֧{iT3\'|fVT*ǎi].`9Gb(ɩҞz֑ЖLNq۷jh9IU6$\"=M*\n{Xi)i<!k%6HKl㊫j|*􇚖Rv+}j)梸lwS-n*KUpzU~)Uv<)h[VyjT.H2!2\0(p\nSs#	Ypޫ(R1imTљ\04S(,jX$q\\ظ=i=x>j{\':pTO0i40EN:bpAJK9o@ԒS%>TDk9\0gY3Yfc1\\?zH4&kC7J4\ZAn6{V&c\"5|ޭ@ .h6!_֮T8SnW\\B\"CRcԭ#F=*6*kw\0תnv1wШq@ǽ:Lm7p\0&8s*	јiv67{S%;$sr;T;F68vXCnR\nidlzⓋ\nCҥKG\"!en`;1i`U%b[y+`5\rYMVLzTRd6qX(Q̤c\04(Hd$\'4`UR*q2Y_SiAs9ӇܭOC($8)AL[cX<\nCFlJ*b@BE3>ieja\0\r\Z\"U9W1ޭhAI6mr\0KlT\0)P2w\"hoJH\\E(b3Wt?2.=E!îх5Yܾ3ڶDq:ݤjTބvfQV0ݢɚedQ+\')C|	QI6i!\0dyՁW\nz2mHqVz1~dR\'\\ȩ(5qOFcsNmBAڥ9ݍY{KWq4R$v\'ۚͶ⋧1ʬ*9i#Xў1$*gN*}š\0L{IB}^`V@3sWҨ79W^U7ΙTڰj7\\nUNi*lɆ\n@Oq^i=zRj;&xcj	ʑS1pj\n(jPzJoS&Y}iܓ</sN a+(?g$ScӸG$zCHCO7`J-Hgښh\Zb,t?(Wm\'I÷{Us\nڑ )vL2\ni+p& b1LeVpV\'R*\"X	dɨed #`r%IcVj̼\0^Bj\ryTA4%ܲ(3N,K΁%\00jx#[ew-JE!\"[M˓rtTT$\"m>Tdo>Ͻ$Vdf85$pjnfXr\r@3*@v0-(psޭo,H1֫$&dsޞH,#`) _nS cojKU63RIDTwj_h9⢑\"@plcCww+m\r\0يi+FU		roNsTy2`RNjH*vgҖN\nhȌ53E\"AaR|j98Z3F!Z>,[*sV#=E>f(g\n1hjؐk0\'UT1SEW^{\n_ļ``q7씁+n嶌+6xČ3ڴ\0(|yF9*{>[4Ld\r[ p>Z`e\r>BܸM?JiGJw($SI>בLV&BiM\"E\0SU\"	@,I4p}-P\'\"bh3͏Ծjz\\1H$b`&XqV<Mh2&`MK{W\'DNzPɱ@~Ҥp:P\'SJǷj[OY\\sQn4DR@0Gz\"aɪFv,`qOc@rǎo/(|;ԶilՐq0yV5[Mvԉqub%G_J0W][x1!nvg-њ>VcT)AƪzRqljH\Z\0* sMh®果RHlFzf*I)c!e\02)#a&gv\nrV.am:*ZF$hҸMuEC8΍qPY\\բ;9LjY$ڪd	h(c\0xwO!5#mYsO;ej8=Y˞85$IW?CI-:b`=h$!8N@T\Z\rV#F5X\Z\0=iS3=(9Snݨ\0dUY00*x\0I\0V8MVm)\0NӎLg=m?J`1yR(Na^qNo@u)㊦pv\n\Z+@A\ZC#SV&sҁjTUS*ZWp9BBm5J-:쥕Y=3Wż-U0d2\"V\rn,%di]TGJG9thoр)PM\\)bZ9$/k,@bߏM󼡆5\n*BꗡwEK_1|	Vm(=UViV4FT2cIĽY1v*!sȧ@LI+Tlx浮md\rågjXР:ԫ%Yǡ-V\rD1W/oh?fRR4>dS3ON+CγJ2)i)-A?CR*lvm#mc3ֹgx10R*\' ǟJ2+C8eSdDӀjZY˭џH܀H6ci`UvzJ\0A/\"-M4yv#LSsMÎ=*wyzb=6k3\0A\\W=%2yS\"5\"O͹ZҊhi$Sg\"L%UYmgU~LT!h2m\'kt\Z+VA\'UACZV<Gr+R<E<*@vL7inHSC2e<+B	UG@~u\Z T6%X@Yjv1VNT+`%bO֭ٸvV5$c35OJ O5^Svkwr5eehgBynѲP+tS.dMzRƤsj%Va\nc>$8\'44sfM75Z&MY\\P{ӷTɞJ5NI\'	k~h34{fu34f~7RFG\n;ژc߻5-Js6i	bjHt~8ZR2)n\n䖏S\ZvcNsP[Jh#~uf9wt]}95,sm#6iRK6@OCz)a5s=TQ<跖kTM\\t7QCG#wCEW2\'}EOdK|۶֬uLVDn3a\'	zп?\0K`3IzFI49]Fȗbv JS8$L%8,ҳe`t)!Dl)&^?J[Mά\r!،,n?.z@C[\rcɂ7g)=w\ZqնAMR\0A@4` ғE>ޣOI#k.u$\rKJ幦Bn鴮W6\rJEOoJv8i.\"fɥFyN9u5H$8DʤA;L19bO?qΊ*Cnᚼlck6SZWJIr5[9SH7?=9j\r/rD䁐z⠙1b:[˲\'St6EIPi:}MBܱF)%ǔO5T3Vd?j) ZLtօl|ثQTKz2rv<\ZR;v8ze 7\\u*LhٺS\0\"14Ѻny3Lf\0%i^#I\n2k.\0%jN!qg[KwY)\\Y8#5fO&ФS.T?ZԴUڢqޥPJ=EU@HnEb:QU2E^ ;$zirĒy&ZUGWb\Z2Y\Z`4S,օz(kz\0:NC)7Dرy2{52{VgZwq⤱lAx?و݂HPX\r6uc=9܂<o7nʜZZr+FZLOShNfԜ	Bj;	wPß1O8]-&l#$ּSYO[io&Tp@f\'mާh\"U!sޢbuMBvG$9Oj%ٙ~>h\\@J`)>⪴\"8r|)ڵӎ}*Շ\'֪,)jΈ0\nܓPN3RP}<qPB1F<zqf0A\'\08S-κ{ʣjYRffap.]׏jgj\"9Xp\r]KvІQUR]D]<\r\Zlpz2uTh1RYG#P*cl\0ZVi`*MUrRV#\"ޛ\05.0޵\01Mjf+/10ܘFkMNI1hW+Fju15ic&-8Q7zd8&IVbSJ6J9a,I]+jKRkX%*kѮ#!QQt2<Ujw87i})iU&D$)jn;U3\ZR3\"g7}+F@I1Taʸպ,BBN\\8sTvJ6J	4QFq6~`t4&ɌzQ5E`jKF0z08N8,HP9.1!$\0=}]\\әrدwf?`ة694 cpG-ew%r9988sIHU)YS0Lp=+>\r\'fQT7m$Sn	>Y$#R4>S΋mv9GnƔJ3ֳ̤1eIc1c\Z95U;3A?E\"9jhDܗ!i~A)}*hqUsD#1۽(CAQҤU-:}*FD^QlY`2Sgp.Ǯj;\ZVfT˕?2[5r{69dl;SE4xpz	eiYڞЫd*U\Zr垽A9q6BS-IGy,SD\Z]Ұt:QzF\0dԷs\Z`.2\",73]+.p}jBG}8=jdiɕ\0	_$A-=붕θ%=EG\"\rPjwOtaWk493eQ<\ZfU`\\zST.@0(U7)\0[Q0*F}hc\0FG$PvTg)?FI+Q8P$ёQ8P$J\'.{(ɪ,2ST.{r$5qv.<rn9PnmSQOZnBl~7\ng`zd(]KҚLiXii֏Y֫}I%J*,8mG.J-X*YCgCPlm?=0W$L[3B|1T6~aR9:tsP)+OlN}*`vh\'\0݃ҍҟP\Z5#r(wpӊ<N.}\\Dr4	\'sފ.~tION4\\_%zE@	qJ0hv9=1FyqRjU/$S\n3Ev._yM;+Gњ.+#(њ.<%\0SFh\\o(;\"O,Q\\EMlf.l_Z6Z3E\01֍E`QLp=)(N)8\\nh?4RQ@2qIN\0%.i(&h\Z\0-\0jZ;P1Gj(\0hQZ\r\0&((bRcތZ.;`яz()i~4X֊^PsG4QEBN1G4\0dPw(ϵ.8\n,qIǥHZvq@U=I\0jwI!\0ַqQ73pXqIC(4QiXF)ԝF\r:VE;'),(200,'The route to the World Cup final at Qatar 2022','Croatia and Argentina have set up a Qatar 2022 semi-final. Morocco will face France in the last four. See every surviving side\'s potential paths to the final.\n\nCroatia and Argentina overcame Brazil and the Netherlands on penalties to reach the semi-finals, while Morocco joined them with a stunning upset of Portugal. Holders France then completed the last-four line-up with a thrilling 2-1 victory over England.\n\nHere, you can see the routes those teams must take to reach the final, which will take place on 18 December at Lusail Stadium.','\0JFIF\0\0x\0x\0\0\0C\0(#(#!#-+(0<dA<77<{X]Idàڭ\0C+--<5<vAAv\0\"\0\0\0\0\0\0\0\0\0\0\0\0	\n\0\0\0\0}\0!1AQa\"q2#BR$3br	\n\Z%&\'()*456789:CDEFGHIJSTUVWXYZcdefghijstuvwxyz\0\0\0\0\0\0\0\0	\n\0\0\0w\0!1AQaq\"2B	#3Rbr\n$4%\Z&\'()*56789:CDEFGHIJSTUVWXYZcdefghijstuvwxyz\0\0\0?\0$IAh̓\'֌Z( Z2}hO>Q@O>Q@O>Q@O>Q@O>Q@O>Q@O>Q@O>Q@O>Q@O>Q@O>Q@O>Q@O>Q@O>Q@O>Q@O>Q@O>Q@O>Q@O>Q@O>Q@O>Q@O>QHaFO>`pZ2}hdѓE>QE\0@TK 9۞,w\"R*aRX>я_ΩY<mk7cn03CUN\Z̽baߥRؤ\"6.sH\"F3v1T	@$ↂT`gEtS2*(Oc_\"]ی\'.[m0\n(\n(\n(\n(\n(\n(\n(\n(\n(\n(\n(\n(\n(\n(\n(\n(\n($}w0嘖=Mg9wY=)f7 \nMѿ\ZЂ8*S26!`=\\.\rđ؃BI\Z6G1D1SGZ2*( (\0SE-ӘnO\Zй\".\0S{ʴ̸QjLt`snsܼ۩9;,,Czz*x%ff5Ll4;|ç~\Z<s<ݢ1n-G:$23֕al|x9xX!HN>)lSbyvJ5L`( ΋3[\n$þ)ś4/atQ6	e]yilXJ9ad΋rPa	bT2,\0TUHh(c\n(\n(\n(\n(\n(2:U$zTg~\'(:*O$\0~?Rء\0.;2GE(`QE\0QE\0QE\0QE\0QE\0QE\0QE\09~?X\0&{?*1\\{S2HWX^п~$ \'[2,q@bzJlvpGNk\"֠WjSj3O͊EhQ]dQ@h4PS,Z\r|#\rۭdQRq5q8gp0(0)QE\0QE\0QE\0QE\0QE\0QE\0QE\0QE\0TqC؟\0QT}QTEP⢩-\0?1}jzQEPQ@Q@Q@Q@Q@Q@Q@8lu(N֘W;9?JͧrBm9G(i,0Ӝ{\ZO$/Jό|\Z\0RiW&{Ѵ{qJIۀACՈԀ(\0=M\0(\0(\0(\0(\0(\0(\0(\0(\0(\0(\0(\0*YyPѴJ\'԰\"aO\\_&\'ɥy[GOLMb:pAInEU\0QE\0QE\0QE\0QE\0QE\0QE\0QE\0QE\0UaQZR\'itt$	FtEhTBk?6#z0iݱ:(I\n(Ah((((((((((*ΞdP4xӑJ,( vTM<O1Ei-ktc-qt!09J9rmtMC)_M!iߗ9E\\NhUOMǭ\"i5CQOQtEJ*y$!#@(QE(\0(\0(\0(\0(\0(\0(\0(\0(\0(\0(\0SE\n*x<̻\';\0%niZ\0K\0y=FV*암tmYES\0(\0(\0(\0(\0(\0(\0D9QiPpGʒ!\0?OJv]zҹ*9I4eis#:;	SMqDîzqXS)_MV3c9G<~Ei,ͷcK\\m]1ă?XGÁXQS<\\8犆*\n(Q@Q@Q@Q@Q@Q@Q@oe$5C#9&IǢ-Gh#4˽:2hA̯c(QE\0SE\0miG%EcUϳA\0<+AFٻ?FO7O$\0kl\0tbPy|}\\G\"O4URT;GK3nM2Zv֐=(?o0ES\0(\0(\0(\0(\0(\0(\0(\0(\0(\0(\0(\0(\0(\0(\0(\0(\0(\0m~>CR0)@\\@kHT;GOCq-ǉqZ1]BѯS8隇Pej0c5FZ\nv(IA<mB9}ݤȮ9ona,)b\0\Z,Z`QEEP\0z(=M\0QE\0QE\0T[\0XYTy&4mCRҏ5?Rs|**uV?*{E.aR0:mQL(((((((((((((x8A䞢y_R\r;ϢBT.\nL	5=\Z@\'\"_88\ZX7~7*ƚ(`QE0\n(\n(Ah\nH}8}E!\\M5\"}\0\\d\r/iYN4O4?)P	I\0CqY\n0r*mSzz(`QE\0QE\0QE\0QE\0QE\0QE\0QE\0QE\0QE\0QE\0QE\0QE\0QE\08m8m$R(UEE\0X3)g9i	<cJLg_zh}:6oΘޞzN5\rSc\"M횒C&mQZQE\0@\0w1yP>o4Xi(E0\n(R\0%*\rhُҋhGDMM3(?Sư  =h*h(((((((((((p*YBuHЮzR%\'b4͕?ԯYE\'kV|.b-\nNQE1Q@#>AK+S>dУbQEX(\04Pz(\0Q?AOJT#&\0ORdcaQp(Q@:/ҡÃsIy1\0tTsFH5SRxOѩr}Zg=.$HT@z$[9H_Cs*I\05\Zc7?/(\rA?%(I@QL()@$@%a-opjHFvѝO֣MFb`ӡT4RTAv4((@ ))&\0G6,3gG\0	5gM#;Z1|XCyoS2gb~u#W\0Z?\rKp%N@\0TUv(Q@1)gp#6?M10.mQL(\04Pz(R7kPT	5cɓ̱٨ =*ٺLtjV\\E!規*O|RG\',sR=\Z˪smj*w)ǵC~UKcl%CpL)R_R_\0*L(\0)%(IH(EP֮Aw\0P[NkF8|9jDGaNXwq(Sipr29F>ҤR85**(,/˵=Ym;QTwε\'gaQ]\n(\npMԘ\r)QE\0i@QE0\n(OJ@6]~Tzʀv>sEnif\0_\'Ʒt\03D׺\0_<;m?ʴ5+gU:\0EWQQE\0SE\0Yǰsn\n)X\0nHo״gjE$GHf=jx>Vkp62&96o=e\0iZ$7\0FURKjHY!eϚfQ|pU+6<{W>PReUFURN:X(Q@\n>R~(`QJxR{~<R(Kyl$$uQG+o+.>RGJV#ڟoJ3:@&27`/NXpzP.3O;$AQ[$	P\0뜎(e9\"؊N_#ިW\\QE`ZNu0ES\0(/Mc(1&@%<\"zSvoΝ7\0g{dbvqVIeRQ=)YZW$\0trm2T0~=A]\0JmtN* fWW$b$mW1FƤSrX*HIT\"iYQV (\0=M\0(\\PJGE) \0րo;aOGj#z*\0F\0tɔnl#JwQ²>?+]L\0o#?g.$=HҰOSRY\Zc`*\n(\n(}ti)\0QE)NƙRcPN3LIH\0~f2ڤ\nϖU8*x	$\'\"c,OsPΤ4q&sFH; jbɉF܌\0Hо`ꡀ4F )ެrq\n\0p٪-Ԇ[c8ǥE]pVC\n(>Si&h`QE\0QE\0~_e9duq@-߇+kK۞=<ӂ+9&*6%<\Z>/qQ\'!iK(a@KUs;諘\"\0QpZ(QE\0SE\0<>\0	M@js||)\na qRoCA<P!N?\':\ZJ,P/\'$ZJ(\0)QE\0QE\0QOH)fm:fl_s\0\0Ҹti*OcF!\0#i\\D!_1 P84QLqql&h29\r?=kj@!z&\0eVqS~|(_ hh.33RF<s 8Cq@\r;*Xj\0)^%	=hZٽNi(QR`g|n\0:pN_s\0\0<p#_4l쐒8+w:(Q@Q@) ?%_t|󤢋1y)sG\Z\09F`A3ZLh4EVQ@h4PEPEPEPEPEPEPEPQԟQ@QE0$O\'ƣjI\0O.GES݆HTW`~\rjUٰG#<W-_C\0\';F޽)#ml?wgqfrc( {@9OBC2qwmTjB0#R9n+JZh(I/܈MGRKb?SItQE0\npң-\0/OItQE0\n(\n(\n(\n(\n(\n(\n(\n(AheE;>]$T\0:g(R,$V(LQOuNݧ~tQKΐPES\0(\0(Dd fSQJI_ѱ?F\'IJJ%`LZszQNQE0lЊ֕v/\0+\Zx5e\nXdl 63<\n\0\nk\\yEe֫3[9qTp\0Yۘ_$99<~5Z]F(.cx3+5M\0Q\Z<\0ǱGj@?bQ\ZU1IXTTQ`\n((()vQ(?:~t\\	L8.34y)\0=\0ש$\0X\0SMkJC\0|\0?)!0i_G3N6+QEQE\0@ \0WӤMޫeRa 届yO1\0h؏֒g\nbHRZյR_	q+G5<˭R(Wp*U\\%P*\n(\n(}ES\0(\0 x#֣uM6zrqP>Ȅc&\"1<}jHg\\ijHfdpуG=~zRnri+\nȠ*(\0)GjJQZ(`QE\0QE\0QVTDԷbvEzV\nSn\0e?S_ZVr4?A\"푔v$SR2?7֛Q{?Q<\0g<UVDU\0|C4-TՒEVEP\0z(=M\0QOXp:r@y\ryȨ|C\0s \"g\"k z\rNBN(js6.Gol\0\'ֲ^6ܒ >\"qˎ*yryݭcx{N64Jn?)\0:*\"psszQI\0\rr}\0*E(\0_?ZJ_?ZJ@QE0\n(\n(\n@\\Ş@H;Nc/ALqEr86/.[wc)X5l. (I=ph\nTQEuQE\0QE\0%(IQE0\n(PH\'΃GRr<wVĠr0j&)QKz:B\'+3vw\0S\rE$m3zjṕY\'k\ri+KE.qFEJ(Q@h4P[#+(\0)hQG-/j\'9z{K(\nѕoR]VX<\n\0$._4]r\0q\0Ob9kˢfmҕz5ESHC23Poέ^	Jxh?%0\n(9>6{?ʓQE0\n(O֒O֒QL(zi,o:4AcC4z,$G^j`I\0{U k~˞ޕ1@6\\\036@ƌ)&)؝QE0\n(\nQZ}֤J(Q@\n~JSGR@QE0\nsSiwSHҌJ7SѸ΍@HO85HYj=Eǽ\0R_ZBڒjCEV\n(Ah	]ySxƢ/3G)QQ@PŘNi(AEPJXZJ|_SI+$J\'Sj7[?c?j9UR\0:}=}zFsD1sM1F*3ֵU;=?\nKhcu¢}Z6[\\yM(`QE\0rs5#(g5I-ob\'g?XGc˱jERI%1 ?(\"?p\\`\ZWܩ4č\0}\ZΓ5pnH<t?3(%J1P:qN$%t\'i^C J<~\\ڴ.4GEVQ@(IN\\`qLKFHYY\0?lڈQYI&1Ѷ?J0ds GGR?c՘QEB\n(w#ҒVwJ7{\nJ(( (\0=M\0)@\'&BJ8&y;*c*v2uuF~+Aff	:7m\r\r#az4\'Vۣ>pMƣQE)Pi(7[ה&~	ҩSzP3}h= \nFiRyی1Ur}M%\0{INQRsJGj\0\0F\"=8FwSYgYR@>ķgΌ~4[G3j3|Ò\0n>\"/\nvsD(:%J?3^#8B.gi\\w$\nÙj:H_cQ+0(?ZepeP~d%KMR\n=qFM4ir/-jBv5>h0^IOa@AEM寥\'9u4\0-Doʡ\r\'æ*.i\Z*[\0q*<J>0wl.>EEVFM(b\n(PN?YH3\0\r9VSՎ}	u,D\'+7OIV#fVVbFRU|MrQ[Q@h4Pv	lT0n\Z?)Tb  YSv\\F\rI7`/47=Gj\0ҫ=GEJQm	l{֣\0tt6Ni6gҕW]tGEJi#OcN^=QE1Q@Q@LRm(\r=(=)Qʂ|_JuYkG(җbS(-bR@	KE\0QE\0QE\0(IB\0&S@\r҃_Z7zҺ(R#ԛY08ٍ\\Sd\0jv,Ky@Tp8-v!Mp?@F:TJqtTRyCTTI#=MI\'PEH\nu\0FԢ?SO(LTș}	q	hqup=*tV\Zfp}\r*њ(EP (\0\nZJ(hJZ\0(\0)i(\0Z)(\0Z(\n(i4Rp}\rC/ީj)>&\'1JHNjPN*T( (\0(\0(\0aE!E$P6d	`\0O2cvx(0M5bAPdg\0Dx4qN dI{JROZ\\PycEY	ESE%-PE\0QE\0Q@8-*\\ݍ&E;oJ<\r工[zQ\r工[zQ\rҗczQ\r(ޔsǸrhloJ67)ҐE58r%QTHQIE\0-Q@Q@!Pz@\rؾRҜ\0KHkAWҖQ) iÃD{8ީoQ]?g?ޠ};($(\0aER0iWhVAAT䜚eJ(RQ@E%\0RQ@EPEPJ98P{+<cUwL:)\nq^Ѽ}KE(`HE8;`S7@)Q\'G4#FGL҈<aT\Z(F{eA\'&,H@NFO8_\\Ro`1\0\'\ZrV*nwjmsuH	!$ӼEim\0N}iFM%tԅi6ɤB7+\n(AEPEPEPEPEP\0ySB)RjҤ)PESQE\0Pz))i(IK@Q@Q@Q@Q@Q@E%\0RQ@KOMۛtnoSQG*ػtnoSQG*ػtn>󤢎Tb>q?%rq?(vwSѸΒ9P]΂IIEAv-ShJZ\0(\0(\0(\0(\0(\0(\0(\0(\0ah@QE0\n(\n(\nZ((((((((\0(\0(\0(\0(\0(\0(QE(\0(\0(\0(\0(\0(\0(\0(\0)h\n(?'),(300,'Pick your Fantasy team for the semi-finals','And then there were four. Argentina, Croatia, Morocco and France are the only teams left in the FIFA World Cup Qatar 2022 and are just two more games from the ultimate glory.\n\nAnd Fantasy managers also have just two games left to get as many points possible and win their leagues between friends and colleagues.\n \nFor the semi-finals you can make up to five free transfers so make sure you get rid of any players whose teams were eliminated in the quarter-finals. And you can now pick as many as six players per team.\n\nAhead of the semi-finals on Tuesday and Wednesday, FIFA+ picks a starting 11 of the best players for the two clashes: Argentina v Croatia and France v Morocco.','\0JFIF\0\0H\0H\0\0\0Exif\0\0MM\0*\0\0\0\0\0\0\0\0\0\0\0i\0\0\0\0\0\0\0&\0\0\0\0\0\0\0\0\0\0\0\0\\\0\0\0\0\0\0\0p\0\0\0\000\0\0\0\0\0\000\0\0\0\0\0\02022:12:13 23:09:16\02022:12:13 23:09:16\0\0\0http://ns.adobe.com/xap/1.0/\0<?xpacket begin=\'﻿\' id=\'W5M0MpCehiHzreSzNTczkc9d\'?>\r\n<x:xmpmeta xmlns:x=\"adobe:ns:meta/\"><rdf:RDF xmlns:rdf=\"http://www.w3.org/1999/02/22-rdf-syntax-ns#\"><rdf:Description rdf:about=\"uuid:faf5bdd5-ba3d-11da-ad31-d33d75182f1b\" xmlns:xmp=\"http://ns.adobe.com/xap/1.0/\"><xmp:CreateDate>2022-12-13T23:09:16</xmp:CreateDate></rdf:Description></rdf:RDF></x:xmpmeta>\r\n<?xpacket end=\'w\'?>\0C\0(#(#!#-+(0<dA<77<{X]Idàڭ\0C+--<5<vAAv\0\0\"\0\0\0\0\0\0\0\0\0\0\0\0	\n\0\0\0\0}\0!1AQa\"q2#BR$3br	\n\Z%&\'()*456789:CDEFGHIJSTUVWXYZcdefghijstuvwxyz\0\0\0\0\0\0\0\0	\n\0\0\0w\0!1AQaq\"2B	#3Rbr\n$4%\Z&\'()*56789:CDEFGHIJSTUVWXYZcdefghijstuvwxyz\0\0\0?\0-!.)UTMRcCGZ\ne8\ZHcHhLCGZE0\nENP[iSBR1c5\0#\ZRhsN\rQRf&@9*@*P(6ZXj\0@R2M@\0QK\\PHOIPMjF<\nv)@Ȟ53TM@&54)4\ZAN\0FE1\"aLD$RSȦ\Z!)FhUn)B%<%+*MiXw.)W,S\ZMF@dIF4j3@4\ZZ5<\Z.4H*E<\Zc$!4LBM-McQ婥MKm&@␊ˤ)H*D4)`505T@\nFijQK`ARm+H\n)jJc-+JE42\Z\\Qb5&i\r\\V4585 ,KZ\r0\ZLjC\"4\nR(!)p!M1?4FVBԡiR@-8-(Siv昆Rh٩饪`Ƙii)a9M&(\0(ZxZC\0)E\0M4ғM4cS*CL4Q@U(\0vR0VZf\Z&J\rOV`\Z\\;C٢\r.h5FQC\r4RhV1F)ئEiRMHIZ\0z\ZjQ@IZZ\0f](?SQAq\Zp`\r.j=nQR\nhLuR\ZdME 4O\"%\rqӀH)𴸠\Z3HBL&ƙ@Bi(P\ZiRR\0SL\0S)DRMH\r1&Ɣ1yHd=MF)Hnu13Td搚$.\0afGzTLhY3֑aךwi`AHc8SE8P֤iWZm`)4Ҋ!%1#LiQ<5=MD*DjAQ<\Z@>њi5W&XM&\0m:%L\"aLjWOS2hX4f\r8S4R\Zi4f3R1٧S8R4R@)Q)TMDMFƘ\"jn)@\n\\R\r6f)srvRJsOOZ$풣\\kսF?SMD.zRnlYXJbhU;4SA+B\0)R\nxDANqsE74f43J\rK(u8S3N8cRL&\rsQStpH:x54jFIc\ZZcSBbE4TI`QJ(4F\ZƄ\r8R0S\0\r<	\"6S% \nZ(a]tq\0jp5b-6fTV̿2JWd\'2^=GJ\0VmJE01i)HaE 4\0SE\0lZ BFM)YR]+js;Ա᤬\0]FgXgd	,OidTf`Os$c;G$1O픘h3HM4i4\\,8LIKcH~iE4SaO\0ЫRjc-1\ZSHi\ni*UZL\0Sրꑅ0U$\r(փH5 1W~eZJC\Z)).,i	IKIH`)hZۛ\0叵gdsJз81\":ϽYTڡ@@qG6Uwa7|/]~\'ڙ$aKS}яoҞFi4$Ȗn*B@NGFܑĖ@S[^};\ZlA݁6nT;aA\n.30i4L.i\08Tj*{ct4	-ǵ2E 88T{賃TBxsHTV#OCO2㡤$eclw{\ZHCb*lg@8y>#*0ʞچ8$#\"j&.fD53TdsIe(ZjEZ\0J*E1EJHAJ(\"䎪kIҫtZ\nRؠZBimRQpES)*j@i\ZqS\nzv)@1E.(LDdSM<L4(P+cOAMd\nۋk*jSzUM%,@YDSH$҄&\Z~4JJgi>AD&=4*ɵETcq7cCwTz$\nb4Go0`:DS~VCKиdIOcaZu995	Zb+R*杲U\0 Jr8>(\r&2y_\n@$u=F7g*59+,_\Z3¡XԍE9Qrޤ2%(k>Ha@N)QϠPyjV!S	7Pɦ(OZ0\n`4I\0iՠ\'SOƣaOi\"+QSJ4iJ&iH`TSP\rDqAxUJ{TfC`4,!FԘ&h4\0MmZ`F@XHkRL\"9mlv\"섑|9&*O5IT	iX?ҧ}J[j[8ch\'6AL9ȨT>_zw&Ŵ~=ꎠGS❝Ĺ=>1n;rI\0֫	0zN\nϰlE_g9{*]?ښV!=TtvN4@8S\\D3\0i\0XzP|\nŭtcU,jF:Ft$ӢB\0a\\=jdqykRtQZcNQzSdGGcV@\nx-H)e(4bR%)\"S@R\nx@ .)@jUj\0P)@P0\"0$_5$g5Rb-\n)RRM.(bE4*ËSIM&\r.iӅE?bjRhF(m%FsRN[`.UXOzxrGU=#hM-M|/ZQF)~\ZDeCE@/,jHUqٔp;FIfVQu<\nF+9chz<\Z\\`\'朢MzޜF7;<]ikޞ^	U#6\"C5>@yZq#);y_f:4nQN\r2M =E:q%B~u)$TE{u\n8M\':#A%F@3PMfzPQ6Wy!r3Jet?j\'TV6rc .XpkBKIL֒R>STffxfap>o<~\'hIg4Տr7))hR48쒰w(\n\\TG&~x&SzRw#.v(!؏HA6\'SR44sJBL@\Z٧T㒦L	I1!z`4 \'FSELS.)e!Ԋ4SH)ǭH)R\nREIh1Iu!;	OӁcse$ـMܟާ.F@sLŅhϽJ6	柺XFhPX3Ks[*b\0zUϯ?\0S[F\"Ln=MJυ\'Uc)6BHw8Ek>Zy?Wi]\'V|tFyQK<[T0ޯ)IXiܥqf&F<^p*8CqLf6ef^sD6rcmnÊO\\I@\\+[Xj%@\rXiN	YR}qS:}E8)lx%N}XGy5ME!y\\\Za&A?jm59E$,4n2~Uf;Bwǭ6ۗ}3IƨOja&\0ӷS(CK	\0Ni(V\"WE9hzbHb17R\"X(Nq@bA6Ȩ^aU4ځHhM?54d5Re&K	fԗq٧Q)MSXRӱ-y\0LSԜ`v#=H4XFp\\\Z5`Ǔj~V 4TXX$qU,\\5GcڄLCғ_j@qTAAx41Ȩ\\RH2/֯Vz_ϭD7ҝk}\r\"\Z2&{պ	ċܸ/ZrU+5=2E\0R[Uee00ji[*`x53eCMNz\Zh*]@MH*dO_Tnbx\0׽k4:j@4N(v(\"4!)(\"b \nh4)5hJSTTIg5:Ǌi5;ܚ\r\n)iBhQ`(4fpbf\rENZ,&E:R\ZJj\0p=j8 o![;L\0)]è1=\\C5[\ZC\'XT౩1dzB:~Qc¯qSIߞΜG\0}4%Zgj+Tf\nCUL`V,\r7\nyB<꟪z_Tj(e9SҗIE4)쀓FS,,)\Zl5Q\"-G$N\'H*af%8q,Dx;z@0MZ BA1USWD6gJc4x4$iYNVe-idB7]\\ sڮ0p2xOl{2B\0\Z^OK\r$R&hRъ\\PHRE0!4ڑEOO\0h6@Fi2)w{IBjSQHc((hCIJh\03O\nx,`J;JkS1\Z	TUAy<c)NH!TK&=}jw`S4`UW .{ՆrHH)@rO\nRe+\0e~gkz[\"!\n#]\0#<\nͭa_)$Sdb(qJ+\'QwTS{XYRR@>7Ji!\nۏjrV ֋c7ƹI#ҭǩ[=qYpBgq<zUH	R)hkޒFڅFx,9p8jg TStAPTpz\Z+=Kh\rUl\0/!?3vj	inCU	AcjN8\")lM>+f>iz\n;u%۟ZՀ8\n{rp0@7bB*LPE!\"aVUD)haA@	NQHHr) lњ`❚!P\"2)!M\01J\0T\049F*X\n)sQ.ꑏ\'h\Z\0ULfpI+fA ) 	\'V$ ɅpqOң|x6\\w#7nVCIaw)I>w4̛\0\'ցy*kvT}W$BE^=*\nޜY[FZ*(\0`\0*̳*dH>5|ҡ\0J85U?W5!3?=\\}*\0w/bǚˍѸ_6ُ]\rIFsJq8bCBiMjdY27eɪVU]%wwX45ԝk\'`UDoJI\r֦?qWb1yD;3&)Rjrp}*jКLѺԹQ=Jj7B 40TH)91\"(@(VʴuiR\ZЀn)hQC`RJ?Tv#4M4f!Iҁ@QRDj*P¹qj,cuZ#r1R2Tl#i嶷h[XV<g=7RēO,4)$8ub)\"t\Z #kCP=MiU-,V.|ٳwg8Z#CrEltfh`C)\0sZ?`,Ҥ%\Z;(;V͙n6OYaJS:+uP~\Z\\*ZI܏NXǥXaN7Jdu˺)㡦jf\05RlU˯\rT#AŚ5a*5\0ǜTҤw98s[BFTf$\njUN,*29ڢ4\0SsM@ҥGJ)11E:b?'),(400,'The World Cup records Messi owns and is chasing','Messi is one of only six men to have played in five World Cups alongside Antonio Carbajal, Lothar Matthaus, Rafa Marquez, Andres Guardado and Cristiano Ronaldo.\n \nLothar Matthaus and Messi share the record for the most World Cup appearances (25). ‘La Pulga Atomica’ will take the outright lead if he appears in the final.\n\nMessi has made a record 18 appearances as captain in the World Cup. He is followed by Rafa Marquez (17) and Diego Maradona (16).\n\nPaolo Maldini has played the most minute in World Cup history: 2,217. Messi is on 2,194 and could surpass the Italian in the Qatar 2022 final.\n \nMessi is the only player to register an assist in five World Cups. His closest challengers are Pele, Grzegorz Lato, Diego Maradona and David Beckham, who set up goals in three editions apiece.','\0JFIF\0\0H\0H\0\0\0Exif\0\0MM\0*\0\0\0\0\0\0\0\0\0\0\0i\0\0\0\0\0\0\0&\0\0\0\0\0\0\0\0\0\0\0\0\\\0\0\0\0\0\0\0p\0\0\0\000\0\0\0\0\0\000\0\0\0\0\0\02022:12:13 23:33:00\02022:12:13 23:33:00\0\0\0http://ns.adobe.com/xap/1.0/\0<?xpacket begin=\'﻿\' id=\'W5M0MpCehiHzreSzNTczkc9d\'?>\r\n<x:xmpmeta xmlns:x=\"adobe:ns:meta/\"><rdf:RDF xmlns:rdf=\"http://www.w3.org/1999/02/22-rdf-syntax-ns#\"><rdf:Description rdf:about=\"uuid:faf5bdd5-ba3d-11da-ad31-d33d75182f1b\" xmlns:xmp=\"http://ns.adobe.com/xap/1.0/\"><xmp:CreateDate>2022-12-13T23:33:00</xmp:CreateDate></rdf:Description></rdf:RDF></x:xmpmeta>\r\n<?xpacket end=\'w\'?>\0C\0(#(#!#-+(0<dA<77<{X]Idàڭ\0C+--<5<vAAv\0\0\"\0\0\0\0\0\0\0\0\0\0\0\0	\n\0\0\0\0}\0!1AQa\"q2#BR$3br	\n\Z%&\'()*456789:CDEFGHIJSTUVWXYZcdefghijstuvwxyz\0\0\0\0\0\0\0\0	\n\0\0\0w\0!1AQaq\"2B	#3Rbr\n$4%\Z&\'()*56789:CDEFGHIJSTUVWXYZcdefghijstuvwxyz\0\0\0?\0;)جka\"B)\\,DiWZS\0M!KʰRO!#\"&)p#M5hM\nb)E4S!1@cHO4@RUQdM5)\nFhOOpK@4\ZSHiM%)Nb\naE:)R)!1M\"B)b\nv)@)اNM3␊iRU\"G\npOH.(S&b(sa)\r:h:` @RQZ)3Fh64ICM4iDHi*<\Zvj<$54&M\0.h6i4$CQ<kP\"\"))ƛLC8SE<PE \Zii&)PR\0)P(,(\n*K\n)h(S&!@bKP1RSM4Di)M,QN\r(D2LLD&i3M&fi4qԴZ,\ZJ3Nq٣4fn4ʚy&Fa\\fhI=F=N\\qN%%-iRb)أ\0Ijb%@E4INt-PM4i4Ph\"\nh@\ZaIW	p\nANf))h,J)qILLQN)P)Nf4\rHE0Ѐf)Z&+	QKEUɰQE+!5%\rRRE%%L4=p~5|@;SsF	ƀPFTnyc򟡭>B,84ȳKL\n\0Z(3Nc&)&&i&2x\"#	ɧ g#	hT5ȻԀ`sIM8M\0S)EQP)qJ$FEF)\\vbbETТ H6ѶmRD60-8-8\nv)؛{Sc?ZTfaQM#4)i)iZ(Q@QL-dRi{䚧P{b-I5!9>Zċw.޽=i.ҋ`t4R\0.i)($|-V=jY*h*HS\0gl£^k=!\n0x,h1I3HTQ\0b,k5 qh_[,g̋ҩS\n\\R\0QNORCHi)Qphe%<jJQa=jE֤Z,6ǁN\r<UM\n߅ES@CCuqRIU4pRB\"Q\"\\_Zƴ:/g6R#&IQIK@Ţ@%S\0RRL\Z\nZ)h6өrzTLu,-#։N)X})Z?h`{p*4w&}c(	Pf`T2(%\ZAG VBI*ԊGҤ4IMyBzv* 2q@^0<0)Jt{Bp1TZz\0KdڄeXU*xlncY֚-\0S6)1Mi\r-4CM4M5!ES%1\rF)(44?@*v \Zns\'Oq@;mBqӚ\"jzr*9#w w+H@q}rg=Q܊>JQIE0)qH)%QHc1Kv)qN4\n\\R▕%QLbQKILiM1Āԓ<ӝ$L\"D\nqOO.lzib+֋<Z,+f3FipR@2)#_Az\0B;\Z71Y ,,\nwQd\Z~\riM\n\'پjOSUP\0)sLa1@sJ`hXMF*1b)-)@`0I4\0Hh(LXcHi(q\r!4%i)sH٧(,B4ZyKRcDX4>;\'Ry޴sUY$<T\\SI7Rъ`(NPBQNE+ER())Ԇ\rI&A4D)\r!1\nn*TLHXhn?C!;իFnS%4P#!qMzԫQH.).i7iz`5QW84ZLiHBd}j<Uf9$)I!<Чj1%!TRMUjVy۝߅C(#ނƇ`a8qC\ZINP)M%1X)qE-a(\ZiB())`\0օRVn_P1-Csr27\'` 4a*\01ހ9<Rz\"A1J.)SӕiPxEXW!J͚!4RPIE%R%%-B1N8-\r͵8SB;BbY׽Ilw\08qT@<pßUZFeH`&Npjnj8yRx!hn2(=ة\"8&9ANܝ<{\rErb|Sy钴q\\RR.QEZ\\P1-.)qA#1I~(\nYQhSChr*5feL3\nL2(R!\'Ҋ\r1xjހıɡqhZZJ*F-%-%\0҃LDO\ZSE2Jt\Zv)٪i)ƐԌm%)DS$\0JOP\ZS	qNȁ{Ї11qKc$L9THLTӨvO?K2/ɞދ\0p;.+\"?xE$q͞UUz\n\rTnpGCVڥ\ZyJ~(#ց=mzVqҠ\'9K3sU,f=G)V-Cl\0L94vRaXmp4XjV1F+Un/`q>OsP*VR	`n*Z-18\nTFvڀO1H܌\0qP\'\0jt,0)W\"H[5aGҀ`\n:bH)IƘQ<w!]*#tTSH6PQ@0\ZCER!)Tu5*dE4\Z(B.)TZd1M5+\nұW#4)1TlHH=E<\nAN\rpDd5ʹfZ[#w(s)z.XZ;J~dO)x$iQf%Vz6L`֥zuH:qPr(=)۵?)JeҬ $#zTDuY]w)ȦDq洐\'UG:o~-2sҡJ0 zL>|R\ZKWaUN6qQq9\n\"MLH&!;V@@~oznn#<Sdbi3;*l\'Jj\Ziܭv\0vPs1m\"`3`O2=M)m\\vؤ,P sRgL\0*c\'pf5/;pCvTͅ\ZľKy#)jу`J\01B⤡O56FI@Z36$)Ѧh]4RK`4iR@ڐ@*,hQx\"\"&d60\nz҅S-404ڢ\"jaafԀSJ-9V1-8i!\'{f43ý+ؠz54BzI,x$nSGlb W\\ОS]*C~dzh鈴9#*].$b:Jujn@q5LkEܹI}id%]VZ\nATb=\0q!gpN⁏k\\\\ES($1VLkwvRMPMZWBqCV\ZE\0,YHb\rZeS/$?	(Wȫ\"05$\rc֛WI|@Għ\0q*\0H隅#Zϕ2s\'~g*\r9q|A\0/\0]O\"Ar	Jnk>>:~)c)<ڢiUF*6cC&f,~fv2֘>VB\n`1P 1K`*ө(\"E#+H<b;\nv(cvm1F)hZpZp(QN5\ZS0&M9i\0 թ0\0)qN44M8lhImAL5#!(pIL}*#Wr!i䩡Q\r7s;CEZ(pr fE=82>x35N7pj㱜Hjd}8VAB9tD&035Ŕj?	)NV#AGjj$ThIDkОj+#j~FGFEG#2\0\nz6SeL Y=\rwǃT\0S&X6FIN/Pug^9\0ѼnQw9*53ڕxssUlxf%;GI5R,2#ޭ$HtsO-4\0-EICN3b1@)q@-.(B\ZJSL4\0IBi2Uji٠QMD* iO4ENZLR,jPju!j\0V5\ZVj\0	A4H`M8P|R8a\0*Bƪ<}jR$pYwc\0B\"6z*9*\0ctLc@5J\rB{R*f85Λ\\Ʈ$Hdd*/3G @YY)#X%SvN)M]qRf6JD~nijK~U.\\=jDI\'ؚH\0$jNjLHA/Q؀*Ov9خ=REx8&1)Đ;c5U~EKLQ$H5-j52t\0S0iiqH)	B)ԆRS6\nv)OBRS\r\04lij&4\04iЦDӳQ斀3M!j@j5@Q@q@T!8\ni	-L/HQ3P饪\"ԁ٤N1\r!4@QbX@%\Z	rgշ\0I^M#GAWZ< ozvhp:\Z\Z6ڬw\Z{\n=W*+R\nm\Zkp{iAՎN2-y|:QSm.}*B=+#c*pW,V<IGp3sYsUɖu3y#jg*=yQW c#ąBOāN;L ($~!\"\rH\ZpM\rIlX\rO85 Tԫ@u!0i@\n))\Z\0&+Tf@IE!\"\n\0@)Sд)@	E:R)R\n(4iiQ\0FcR=Bi3J)H	E8S8RNjݼR\\qU\r9M/sҖ&-f\"Ni<z0=^=jpn({P\rILn!fJ\rE|xz\ZͭMS0k)3{q\ZԺn(p~簝\0e8l}3j0+\"\0*5LhikOd~?Sc\ZS.&s\'Zԓ[}*SOS뉉S^ޏjSxj\Z\r ,d	@E- R2)1O4c@\n1J(\0u4mL4L4\0Iu(\n*U\"H)\n)\r'),(500,'Giroud\'s renaissance timed to perfection for France','Like a phoenix, Olivier Giroud has risen from the ashes. And it all came down to a thigh injury. Without the quadriceps problem that ruled Karim Benzema out of this World Cup, who knows if Giroud would even have been on the plane to Qatar?\n\nAnything but indispensable to the France team since EURO 2020, the AC Milan forward was brought back into the fold by Didier Deschamps and has now imposed himself as the focal point in attack. His quarter-final winning goal against England highlighted a remarkable renaissance.\n\nFollowing Benzema\'s return to the France squad for EURO 2020, after a six-year absence, Giroud seemed to be no more than a back-up at best in Deschamps\' thinking. So much so that the former Montpellier striker owes his recent appearances to the Madrid striker\'s injury problems.','\0JFIF\0\0H\0H\0\0\0Exif\0\0MM\0*\0\0\0\0\0\0\0\0\0\0\0i\0\0\0\0\0\0\0&\0\0\0\0\0\0\0\0\0\0\0\0\\\0\0\0\0\0\0\0p\0\0\0\000\0\0\0\0\0\000\0\0\0\0\0\02022:12:14 01:01:46\02022:12:14 01:01:46\0\0\0http://ns.adobe.com/xap/1.0/\0<?xpacket begin=\'﻿\' id=\'W5M0MpCehiHzreSzNTczkc9d\'?>\r\n<x:xmpmeta xmlns:x=\"adobe:ns:meta/\"><rdf:RDF xmlns:rdf=\"http://www.w3.org/1999/02/22-rdf-syntax-ns#\"><rdf:Description rdf:about=\"uuid:faf5bdd5-ba3d-11da-ad31-d33d75182f1b\" xmlns:xmp=\"http://ns.adobe.com/xap/1.0/\"><xmp:CreateDate>2022-12-14T01:01:46</xmp:CreateDate></rdf:Description></rdf:RDF></x:xmpmeta>\r\n<?xpacket end=\'w\'?>\0C\0 (B+(%%(Q:=0B`Ued_U][jxjqs[]gɺǙ\0C(#(N++Nn]n\0\0\"\0\0\0\0\0\0\0\0\0\0\0\0	\n\0\0\0\0}\0!1AQa\"q2#BR$3br	\n\Z%&\'()*456789:CDEFGHIJSTUVWXYZcdefghijstuvwxyz\0\0\0\0\0\0\0\0	\n\0\0\0w\0!1AQaq\"2B	#3Rbr\n$4%\Z&\'()*56789:CDEFGHIJSTUVWXYZcdefghijstuvwxyz\0\0\0?\0SL0ϭ#[Mm\\ƫpyVC4\Z{)BGrM&91{\ZTsT]:Lʰkn}(&\nʩ\"=W[\rzԳ|<c+Sx<Yg S4܌q@&8:R\r3\Zdm9KV P\\Q@lo\\zR)7r8brz/NР><傜`!9(;@4O+.:i{Ӂ^ԝF(`P\0F94Jr#\0h椌)%@mGJS(zP\02h\ng4P;$R44fqsINU8Bا۸|aGz\0f)M:\07/AM4ry@zP@h\'\'$P(\0M2[Hu\"h=\n(MnaRs<tZL	&[mK\'4G4:1Hi>4$+OYEȕ=(E)6Ԯ\0LO֦]fu*QYGڜM1˹uG\'/9t-Qi~lI5Ծeq/iTKUxSQQM2*II)ێz]v3\"9[:u@K# jQSys\Zgplt\Z<3@&Q1)#$gY{r˹A4;*jv]+ )8Upgx\0գwb\0\0h/\0\ri N|sɢrK{Y$h\\tzFH[/pPmkhc0ߝ\"fc@*~a2p4͟ j6V@7M*,p\ZW4S]\nh>pOLӤSUhiϒY($\0vyeK(DlF3uǽKq4F1m]\';TaFAFR=\rށY@r{P!\0cz\0Kg=)uO23OsR/Ze^s\nnU8bN1U\\r4\"\\Pr3GR+Ҁ\rFX[N\'⧲a<$\nN@O+Z<*X$ov}Z2	j2{\"QiVN5|/E=0Pnȣ&BpIv-&@YMB8q_AF1.c͒2iY7g.%dSB;Һ@:A3I;*ĠEe}泤Rbp:|M$3䁞$!bp:\ZVR=]Re(2Y\084ԉeխnWb0:(M>]Ps&)`@\'zTy2v\"$MWVh2R]PfA\"`:ST)@VSF\rCOJd=*v%Lcww\nvM(}MHBN8ϽɡBX:QKH>$\r]rJw4*9c+\0c\n)!TLDd1RI	ݎhR:D˹423rp=[\'HMʌr@84B973cMxU Ґ7RGu0$qUpjtRX\Z\0vjh+l!Ow4Xk%(8U2jWּc5D\0q>\rF;LSPqV,5W<%WG֋IlB&⢹	ULQyl:㡡Bs=Owpʄ)YGjs%\Ze8\rEW1oBndV?-E\"e-1MVVPl┑@[v,qMɿ=Vjf:Nhr]N9 >V6	w f;NIZatO1X^z\Zw)W_*Gp~#@|V\'\n89\rD˄z\\yKl]ZQຨ9D`c8x*Qn싧R8K֚̈~X\"_¨?\r1+ԟh˭ܱ²j7<]4䑁\\>W~>vlБR3s&HfHMq] )\0r	U8NhO;Qҙ#\npf=OPRۙZ\0dF1HAV\"[EGNYLzU>7\0x\0`$ƕq\'HȀ|`W#=8N)GRXzfرV`:g\ZFE&<EjEii3֚mBZY!FIWgVI(qvGgOKJ g5٫FUT0\\̀vqQH\\1ݝRǚ.WfNGP\06qhí^\nƢ&EPRZ%t	52krLqYO+\0XqVpϓ֐{hO\r3+*\0O;`*.nɼء.8U<}jKYY)`9k`I[dèVv=3P]Y8_*7o9\\Fbyf,rc/8ZX4M*ǅr1R[[7<%͈:\"ns{Ќ*­$x2~pqSmxd \'ԗ@\\=1b\'h#4ViDjD	j-TEA!Veo~.m\n-2\"Ǆ^\0m2KjV5\rK.va;g֥7ZтKk;JAc	s#pˌ[3\ZM\n(bpzߒ+9ŪpZBʾd\'&CL)87U]\\p21>QA$+YdLN;2;hMf:rjb(%pEHہƘmeJ0]qD4J!w}\rVe!C!pj?L) ݌\\D3>j-n,ld 3Kҍݐ)ԟsRgq~l\nE=,u𢆬TbHd&;Oj.0/쁞g+\'دcl7>[ȑ)c)$8+Ith@8vj>k>YfMP\'j&3afgoE-?x=3@{\'č6Xg5a.!R`̎3Gum\0v[|~R(8˰Z\nK=2*IG΢+ UmeNAO-q4Lw) }ڱ\ndI\0UC1.XdeA\\\ZzX מ:[xb9Kq\\ެyii89ʌUh$E!G\r]wp\\+2}kCHEECqusr1=Ɏ@\'aZ\\cJ4Er6wO$3Uc\0qw@(`O+!w\r˙f8OaKHw\n\n؍=)Si`91{҉ۼJ8b	C$U\0ҁ})Ѻ}3 ~T\0ѹnzsJvn֬FLԓ{\n@ITG<ld4.0nZ\0v(<S	!0:Tk9֡nOOJ6 SV,@N`7bJi.\n^\r͈Tõ(=hE<lY<P+\"~Lj\"jDV&\ZY|Mj<`}g58qZkJN:	8)P+0=qHΠ`\0;ӘW\01z1<p݊\Z|i\nyI*)I44#3ެbfW<WBGP[59US#Xvy渞gcwjiKh\r52v֥˒r1HVhCEi}j	y9h+\nq:K[5?yOo$P=7+2d>aVRb39+	k?(y\"(p\rIwv.v\0Q)&psOd$Ռ?ltfrG\'m昉-\'1IHu6qQqBM\"ŻmFkxv˓.MSYYNp:\n{g\rӠzs@s0GX8~Tgs]0)@1 5<AC\04\n0,)YTv\r,!)$:cdc.0\")\0ց\"\0+vZv\0V$Jke[kd{P;ӊ0i)ܫ6tK4 qKȌM\0F҃\nSŚ\nYJ9Bqڌ~c!o4a@1=2}Aoj7˟a@投bYlJ(02r.I\0EI AZ\'X^ޝp=*#r}RX2.8sK	6vr=e\\@pGy>Eq<\Z}\0_6	&X}J_4j>-*>:\0%u8JyV,nIPatmncF$NnfSÅ>bq>_fX7U!%P!$rRddmaO*M^I24AN6<ݎ>ct5,sܚB,3!@ee@1Rm6(3F|8%TGڭ|AvHXU,r\0P6(}ׂ0)VnO,ǂ8Hx$<QqzV \0(Q{kcc1R-3F19t49͟cNP3ǽQwO0Cz[?Ie*wLIRyW4%`QN8Cu#,1!~RGcʼeC(\rVkY\\t~*rf9$D,;)(;s43㌑)Tl.HQY9y+=9V8d#1S12 (#=iL7ls:lӭ;iٻU,А=@@\n;saN3:ҁ@A,9@°üTkGw2o+J`F\';h9\0z㟭Br*bAyv,\ZF$r	r\r8l@=hFߔcP?AR,nGdGvX.Za<XUV6{)4a=yyn]z;*J`aH\\\"<*=~H\0{)4R8[$OT.\0\0p\0݇s.-*5HI\'?G8n\0kG4G\"g\0d2˼e(T*nNGP	3G\' Tpʃ\'\'\\SޤD^.֋hO-1n`\0E$~e.K	ASM1ou#rY_OޫS:ʤI5FW ?/)\'<w5ncT#\"t& S)2֬2+JCӂxNlE=*~h$Iٌ.6o&?-8 H.-4׎MJ<*bzR:,#RlbJB\'Xd^ڋUVUa?ʀBX1N<BF>sM,f\n0)\rRBO9F[o9w#6ySǥ>8cn#4\\	‱[_y\0sNTH2{ƌ|AR\'\0ǭ IVba	қ%>PCi-Y`}j|ǃx&2~<{ML\'yv`WS8\'BIcI\n0@F\nylw+En,3=VэKEY:\\`InxS (tg=\r&	ݒ\nVNyJU*˱C(,gJ׽\\¬@(3`V<IIGaKrw?CN+|⧸%A8`\\dPiB8J4\" (h29hb	IYѰ2 `֞C#03\0F,PqҮi+圜)nT>Yc쐡9+Q8-&J㤶E?y S\nVU*Ջb}XIPA5fʞ#`!\'1`K3m#NqYRfC\n\"̠6QZ?I-]\"Ž!!w7ESY\\\'.zڎ@\0}H\\XH2FI\'5E2qޮGbY<M\0q<UAԑB8ݚyo,{YveY# ‾w^>\".\0(jDx(O\0NUY<tSj:6(۷`j//͛dc$\\XYLÒ2n,h=0h)]8?>mBXb[z=5S0RĎF?Z95sHb[ʁ\'`eݱިϨ,^dQ9tW`.fmn执-\"\'U9+I#\'(2˕TW+BQ\\Ö8P\"B[dNB\nC*0UǠ͌o89iP`qXD#\nPgUpfU\"0sJ+vM%\n2kO%UtGJLTFhH Tn\Z\"r\Zՠ[BV2f6޳RhpT$̬ؐTȎ-X\\ɨq,%x4Ĳ*Įvs@uĢ\rwI2QTIrQB^K:p4dFPy	Gu(y-.]UGS)@\rڽ3CpN6zC!oz&ҧy$vQۥ9fU1*1ҋ]`w7ŷeazmڧ)(GR3QO<ne\nc88x.2wRlhHg9:s#^V\ZDHB#\'jUQ\\lLa3<U\rXs/١ƭ$`:c47+Iay99RwFr3Cv-Grܳ~Me噛iÒi,~6*#`n1p}2OZЍ㱨UD\'8ҳ!9{iZWj^G\rvǿ`<<ı3v5de0/5r K	\0pc42FkRhLqj:ǒdux?V#vV*\Zz)Ԗh\09jH4\ZZl!:0!AL0ĩ%̡qG|eAsYf*\Z)JEY.JSF:{Ve\"P2rT?jGbAY[=	3en;+&nqz\nf4e+Nz֑Z\\{B\0rk^I}̅Tka`Ӑ@Eym`h[ƨ͸!<VVST&V8Lӭ.x\"Dp9\0OJiP 퓖.ZHBfhĸ<͸8JA2(o+MqǏ)E䣍ɏ?E1cl)h m5V\"WJs2yc\n\\>j1imS9UgYBK8P<(kkTM35vuiv	-zNS1J[ղ)HٜB$8%UynAQf9&VI\\:xEYGbۀ3YN-\Z-VX\0zkR8]^E[,nŤ,Xƪ^Ix~X(k(F|O,k;Dr]6\00UlTTF%I?{=z͌V[GLRZI#bLg8#W..\Z(pe8ҡ9\'&YI\0xKFbe}>h+܇ʜr)ٔgcsݍP{tg-ic(p4{X1zxHA\"U$e|.|G>cQ031.ILf$`1{XXO=@TgG\n;$[\\Pst%#ʎr#P\\iͶyL_J7//jTI\"X)<]/4	U-ҍҗble,}y֜[\01oQ=)w\n=H\'Twx6q,%p9ӤFY4?ii;,!KkRk1F9w5_k#^ճH.6(T.C}) CcA5\\Qg$\\Yjف\0]y\0Vl	ޡY.-Ӱ*nhd>{=tZU*O`ƷZqڛڨFLH38^Yr>ϣd`cHtԵ7rzjnR7gҩ\"?ֲ$vRy5	%CѦc7ڼc@3bgUi-$xPTJ3EtEX8\0XJb#i\rXӗ9\0I,xi0j)KEJ\'ҧɮ).W`\ZM&&AѶJ.l6f02.p;T=iyNڶaPerq\rY<ّ*Fi	aNOŽ$	,a2xnr3Q8G[@0>N)$؄ELHS )iʰػNjZƪ8 J{H9桝3HsCWw\Zk[*az6g`E`eL´m\"xC\r *\Z54\'xpeo$gU%f1Eo@	ğç;.kv!y\\JѾ<ص2FXҶTMo\'bvGm\'i8JW\'R)B`QR@\rFu\0ݴm4(m>@Xfu}C$䔶I<j0B&ۥwr\0Dcz@Mobǥ<ğʘ1c_{\nPya܉b=49Q`өP:S4pis\r5\ZPhT|\Z\ZYZ9ū<\ZysT]E!;z0?5TB,}pȡ]sRB\n:If\'=jyjh7*٘*bPК+de\0wpkKn&BxjkSh.(`!1ISSaqԁVYzѳeWy2e*e隬x52~WR(v&Ajvd$9_j΂g\r2{bXIޛ;Q%hn3CxfMxd_Hʂx&;>*+&	2N2A=+IRFwmte,W\ri6+U] I5fj !j\'9_(*;7dh.hcG(}E^ݴ!+/\'SJ﹕֮mf\\{ҭ.>\\`֔͡5=6FWpj)Ŭ#uXE*Ìtrk[Mɓ	.:Ou&i1IX?4S9\0:J\rL=\0p\0*}Ew\0j1\0G1AR$i=-]\\PsvE$t/lʪ_«Ow,})3SYgig5rsJ)>VjXoT=qڛ$~ZoSg\0֜cYX`$gUntdlJ%qإ5+3HN~B@R\'A\Z}Zc6*%*Ԗ2B[x\";fe.i\0g4g=VQ\\~zНׁ֓Cg~,zhP%sM1\0.%1[5m p0k0$\ZRqILPs׍L\"nelW>kzKK]XSF;ào:\nHxvZjI=MRCޝqpYFA=4i=Ն\ră@\\1j	Kjc%a0ґnbO4@M3Tr8v8lV\'+qZfv!	g9=튢QAȭەDm߼e fUFf0ҥ&19Hlnw\ns0B>y$9>1A+%~ɹދ\0y$n\03\'jӽܨFNNjH#u6ˌROB22:[OͰb*Y\n^9<F	?Rb붊`rqӡkq!AE@5ŤT\r*>xuR#+V*qR0Sr?*(G?/֚ԟSA9\"zqcS=kGdppÜ֐qOxj¤[wE3WpnяLJسy4J*ĽYjq~6uOuMB)-0#}7H\n\\gZc4 \'k>UqB3\\cHZ*Ҍ?\Z]q@u\"#9&Ϳlܜ2u(Dq#m03Z/Ci0#uh^޹.YwL)^GJ\0w~mQL9o:Շ`F\0*vMߓ\Z399qNr 8 1;U\Zs߸⤬GO<_}E]pJ<)؀/GZ}k2$\'D]P#F?/&%|NҴg\n#AVh\"\r1\0zJ\03SrE1R\Z3JsDQE;4S_5z܃=UV]A*=5TݤLօN7SV662}vPJ016:z򕌒*e ,Ү݈+lv9_ƒ	\rO*2߼rܓYvU4H14\n{\"}rIk6sٲd<{ő%*֜T9EOwpkݙ!Ixc޹b+$SV-zP͒sH*坃\rOSކC茗\n{!5qQp&\0z}s\\̇Aɣ<TZ)ϵ\0.j;Qy	8=APjpWg/%LA6Gu/5#:WB5p]\n(rH5#u&#82CV#E>fڸOAOh*Q!Q\0\'$b6=I\nFy74ڦ\"\n̼`GAC=	<\nq槰?)DJ:\Zq`GL\Z0MBDL%>8v1HdP\rJfd2m\nOzEո#a (9sCH[nCȏ|ʂݦl&uEY^%-݊FS:QJ7TPM6Ibpb^MHI(cJvTK S@+$_;ֽqaz\Zmo.Xs!џzb:ȡղ\r:S\"\01l\0+0$HԻ`T8g[|5qndj}gU0thI\\48z`ʟN}S:\nuv\"C}3Ԯ2yQNiж$i#R%\\w*RA)ҡ,u2\Z+jR~\\k4%\\VU%K\rckǛCHKSpkv#x!C`}+HX\"b5\0\n\ZD)6ɬawi*R S\rZҸ˭Oi3Kӵ1S3LF})2IsOʹY1SQ\0u,Hu5V:!#.\\\'ɪg$+9}{\nmL(\'\'eqn\"!OsYrk[P<F$\"\0M~F~/Lzmh+=AV`eXGaI\\RA4sZBb*{\0k\n<!nzN@J[7vOu|rB\\0L9<(\04Dq\\D6ī)W\'fGe`C5X˃\"|@TasYZ$vL41(:R\0R =\nyv8\0*thQMEI+OXԉ0\nn}\\R3#83dÐSH2>m,SՊFy\'ڪj\0Ogbq\rnqL^EUSV4\Z]ytAF6JI;ztP`v6=6AJ;X<}h10riȌ<dgӕy㸬ŜIVGC,Ӯї6jvU*mj5 b[zqqVZRobc8dmB?~\0J[,+,)5<]+<j\nR$ %+B)	B=d=3I\Zrw<ެȊ1Xը=4댃ϽYARgEqQz1i2)1;ԜBڗשS2n_5v1D~+SJj쑜BڣlK\r\ng Cڵ_\0}\ntQq/a{pӿCY0Wy1T\'C3ұ5^o>\"#Mc59hbVb«Si8ܤĢB}j=&ur{8$Td&p\nӚlTw/#@7R	b!Ȕ`\0NcoZJ\0]\0awv^Ms<x=~nȓ^wp6 {n5+O6:g\n0Et*$ I#+JVCB摁₣ҴFݏZTVb!=@(\ZN\ZBZj:KsVWiA;R{Rd\"j3LQ@ʺj^J/tha{NZ.qU#ַf0+c*7,Rx*KMO)\"KB*~iA[(~f\\/bW&II؍Q[r.Uǡ9^KY^4e8=JN\0&摒ӋxP\"E#E6A#J zUcg;1o<C;KЙ泋΍*ұRK{͓bV3{088=}(ylW\r6XF1A-a*J_OoJYB{\Zڝ~}8Sü.X`v_JMPec>l8LYNiå!9ZPFz8\n@X6{/4<bPw50hD\0lbbFP\0by#_O9D$\\NU+\'d<\0X֩3;zM8sZQ`޵#7m\n⻆@<da&IǠDh9\'C8/A)@\0qHWS0HbrX=tvM\rH#>C;&,mtaR]\rǩ£\0c\Zfb_RN$\"F9\0SIRp#ڙ:\Zzk#+~ XpqY*W8;1F1h$v)dg5B :~#41}?~;6Oe捄iq*Sri$G\Z؉/z2u5iwR)$v1VlAF,=:VPċc5eXu%$W-N?\n=k*&/\"ԑ]D5#8:qYNBf%-s!\'$$U$˶G4Z\"4IsQp?'),(600,'Fernandes: Morocco deserve semi-final spot','Bruno Fernandes acknowledged Morocco as deserving World Cup semi-finalists after seeing Portugal\'s campaign cut short by the Atlas Lions in Saturday\'s quarter-final.\n\nYoussef En-Nesyri headed home the game\'s only goal just before half-time as Morocco caused another upset at Al Thumama Stadium, becoming the first African side to reach the final four in World Cup history.\n\nPortuguese playmaker Fernandes came close to a leveller in the second half, but saw his rasping strike clear the crossbar.\n\nWriting on social media, the Manchester United star praised Morocco\'s display while outlining his pride in Portugal\'s efforts.\n \n\"It\'s difficult to express in a few words everything we felt yesterday after the game ended,\" he wrote on Twitter.','\0JFIF\0\0H\0H\0\0\0Exif\0\0MM\0*\0\0\0\0\0\0\0\0\0\0\0i\0\0\0\0\0\0\0&\0\0\0\0\0\0\0\0\0\0\0\0\\\0\0\0\0\0\0\0p\0\0\0\000\0\0\0\0\0\000\0\0\0\0\0\02022:12:14 01:16:00\02022:12:14 01:16:00\0\0\0http://ns.adobe.com/xap/1.0/\0<?xpacket begin=\'﻿\' id=\'W5M0MpCehiHzreSzNTczkc9d\'?>\r\n<x:xmpmeta xmlns:x=\"adobe:ns:meta/\"><rdf:RDF xmlns:rdf=\"http://www.w3.org/1999/02/22-rdf-syntax-ns#\"><rdf:Description rdf:about=\"uuid:faf5bdd5-ba3d-11da-ad31-d33d75182f1b\" xmlns:xmp=\"http://ns.adobe.com/xap/1.0/\"><xmp:CreateDate>2022-12-14T01:16:00</xmp:CreateDate></rdf:Description></rdf:RDF></x:xmpmeta>\r\n<?xpacket end=\'w\'?>\0C\0 (B+(%%(Q:=0B`Ued_U][jxjqs[]gɺǙ\0C(#(N++Nn]n\0\0\"\0\0\0\0\0\0\0\0\0\0\0\0	\n\0\0\0\0}\0!1AQa\"q2#BR$3br	\n\Z%&\'()*456789:CDEFGHIJSTUVWXYZcdefghijstuvwxyz\0\0\0\0\0\0\0\0	\n\0\0\0w\0!1AQaq\"2B	#3Rbr\n$4%\Z&\'()*56789:CDEFGHIJSTUVWXYZcdefghijstuvwxyz\0\0\0?\0fk(Q@@\0@h@\ni)}E-\0}()❃MQI9sHoz(\0QNsNs@\\R~3GSFii\\R`vb[h1Kz;Q)\0RF=h\0 M/zC\0\".\0!F1Z\'j3KGZ\0J)GJ1@	K^):PKQI@fPr(ϨE\03փ8(G4\n#\0\08q֎HPގi)A`\nZNh\0(\0ZNsF})h9\':R\0!4ӌ$sH9n&xLҎh84Rb@\0/IFh\0֊J\0(c:R\n^(\0RR@&}(\0j3KI@	\0%(#4{⎴\0ӎҀ(PE\0P9\0})Hh\0(&å\0 4F@(Ҁ \Z^\0Lw(|b}(sU(*忲)<S~F*$wd:.#ȌJO\"_:xzt4#hy**f\rYa~\0yh˸syG/-[0dieU犝5[ȃ;*\\Dyy%0#\"\r=x4cN=4:P9<IZ\00;S$q\ZST2\\OdgTRoR\Z5$wCpWz.bB4xӿjzIړ\0b2(\'9P~sGS@\09&qJ4\0`Q\0J\04PњCӭn?iæ\r\0fP(@9Zo@\n(8<R4v#ҀKFq;\0ct@4sJIJ(׊)G&i(h-0hǥ-\'j\0MuP\0:i0Z\083GI(|xsKzg53rOJ.y+GQqUyG=0t=\0}h0B F9\\x#\0x\ZS:.G@@?J2BU7Ɛ]Ɍ\r<JZnz5\nADya q)ZHpe?GQ5\0d͙¬f<\'s=]ȰO\0Z9yu!ҟ~i\r fzџj\"ւ8g4\0)p)F($zPq?Δfh4\0{z@>w(\0^=lP44\02(9):RL\Zm\0gړ4\0hE\0Q@(sK@GjNgfHzq4v\0^RQ\0-!aFiz&y@tHIiV6lZ-l48SI>Uf);hա\\ʟBjnW#*N\0@aТ&8墮NN)luTRw8}ƫ\r˴t5h@P\rUQD8hךFN%upJ{i¬OztCnI0O56/Y OSD0\'iUsgH#\"m\\gѫt*GPEj棺0+:MvFkE|{\na|ydl6ڠQ3M\nįֲzn$kG !!O7KCˢҲcQ wzV]9T5d8)\rCGɆ<SfKwv&\\QQNܡe#9i\Z!#R8Ik#IF(\0>I\01Fh=R\0PGz1`/Ԕ (b?\0A&9hhh\0\'^RQ@p4}(9})rsGz`\'j>Qǽ{sZ:\0C9#i2cS	b3givTc> <_L$xc~n\"\rVfҪ\ZZ1[y<\Ze2K0Ң!	gN(О}t,\"9\rRHpi)ًrs=Sgrz\Z;d3\nh\\/AU#T)\\F$RPۜ\r,ݬ~d0IUr3Vtjz1.:X#eKҡ\ZoƓv675toG`x_=*3cj]J8bT\nk,r2<E:m-NR43U9y/fp2\0tc5Bcv%$fFWoCEj{Z\\:Zʍ1咠tuaqPq-#Ru+*<><j~u\0|SHHIlRl]H=eSS>Ԅӭr蟀أÃSduW Ih^Wޣx$UGar*h0 XhR4`}jdIQG\'`OXxrTT8oݬ;R`zIcFi1FNOtOJ\0\0?J^H{@Niq@):\0cڊ\0~sҎ:\01KE\0w恞):PCH[	=1R\04Pc҇)\'o.=4l	:zQڎ(=zf3QBZ4sLa:R8%9Vt{7!w}P?5>U?+`\Z9mbXJ9W?jP.#PS\"Fl#Ƣm2KW:)TQVg>x<=O5>iy*gvYAVFhVg0}i?\ZQIրqGnh\0IzS&hFGZ=`GnJ9u~T߭>\0zSW_&\0ڔs@<	GME\"pϽPG~3U_ktd@ I3n=d\'ھG0+f- ֎K(::k 89i\rFGJ8&)$RǞF(R\0GA4OZv3qE/C֊\0qGczT\0sJN{qHnЅ\'4\nC{Sv)1\0O/9F:G9p(\0?ZN?:s@q֓⁑\n994a=*:}Ĉ@-j֍l3M WWqVХ=:Qmt4<FGzMY?l\"?ȦVHmVvKS\'zj%僒>u\"bǩ!;W# <̒)\ZچQqi=\nJ迩[V\0AW5xjXݙ0IN98Py>wtPsߥ(KN9#s@~~\\4rUfOKj@CvyԈhKAjNsHAnis`.}G֖	i0=)p=֘\0Qjh?;\Zwǥ\0^[FOAHYOJ>`#=\'W .3j9AsC79#ZH@֒/ qhV+KJWR>7j@B?:)pNh`KA`QLN;QjV9ǽ\0/;(\Z1ۥ\0Z\0R1z8\'Pgp84c${wNiW+8@Spy2UpzPԒ$VPSHiҜ82N:S	vteܩ5^l\rT<{U$pɸ1rz\nb`ʆ1jy$#8$V||0Qp*H¯ԐvȣK`>U-%\nJP=MUVHb,O|tY,NIgAs{Ŝ)*;-:8֭j3}{8PN#8s0({R(K1@@u#=:Rc8J18M\0!XP#H˻Je6qޜw.\n˖4v?uC\',*ޫlw4qjrA\' uIk)e-֏ivpA\"tǭ(ך4\0~A\'Q֐sG4ߓ@(ǸcsIiO@4\0\rJ?_ZLzTx犵oTr\0f&I*y?:U<)<SڟZʭ)Ɗ\0NA@ьQϵf h8yȤh\08g>F:RGz\0BsG^h)x dc~t\0`0\0b~4{P\0N\r>7(O\'iLf\'b5tzUdqF33ZbHWTe$f\\+\n61Y=#caU먓-<GOңE1&DlQ#,)+l\0\'Y\0+p1Pj˺ȑXiK`f(3Ό!aZN9s/^4ҜNz\023Ihj\0L=3@QnE/Ҝ&P1iMF)}9EEْK6MjRB(5	v\'ךu=sFG#؊R78bB`曵ry\"E2\\z}@lc\0{R2FpQ3#OJh֥%#RsG\0T7#<RS2#Ij\0CirQJրry\'c\'h>g>S@8FӚ@/1@i3/܏z\0QQx9.;gOJ)cSSךNM=x(\0$JNfE\0;9u4N;~\0d 4sA8#ߊ3ϥҀsARcڔ\0&sIҞuҀr8g!_? v#ZS	b47\r\\]%C\r$nCҠZrhqÑYf$Fi6\"5n7*QmdXՀ0:qNG2=kE[Qj?\'4ۀ	N\rC}{oc67	%{\'R֐i\0EsY\'&h#c4\n)8C@RgZ\\0*@ڝcIx)QX~k,J	g_țkg{\'>N[\"8QФS0#^9\0>4eק]	 =Ny?5:Xn6`i.{Q	a<zR6qM%m+bRQ~B~zj\ZTLis]c\Z͑)$Yۥ\'p,zMnq,+&b@jDJ.޼\nbsjAw8%x3@Hz8i6Pb(+2)O9IQR֓$hڐ	FH\n<RSxPsE0:z	Rrh\0ɥ)t\'~x4<@	Jp>ԝҀ\04\0cSj	Ҁg4\\sIz\094vg\0u)7R֐{s@qڎRqh;sÕu4TCNW$H_FZiO\nrqTkucSVlyG?ҳsZ>gw;9\0\0m/ך%BQ+,OAQNjy-&~3֪dm\nB1Rn5bucM|3Q	@Nk,C%Ģ4=\0SG*nF\0\0Bm^v#SEpSQVʒ\r2IL}ircpQW_Ͻ/jhhSQ:;ph)\"Ffl33U@q#K!cNC\0}R/f4c2ifyI~f2zSn#m=*5v2Y*K\08t	el\nCT1Զ)+O(v;Cp\nZ%vtW։>NSO׊.s&{ҫ\0=vKh g0\'}\0QoZ\0^s\0t8\Z@֕On:Rȥ2O\0=@!=hNM\0)s>##\'z\\qAEd\0onsKj8(!\0o^RO4\n\0\0c\0E&iJt@yhJ1@	ϥ)9\0\'*^h9#֓8\\sЊ14\0`c9p)qր{s`Ӛ^ǞրAds@=:#^ÑV`;\nG95kcÌ25ZQsp#CAC}	4ƇHcQ;;T)5/ܑfv^􁏦j$LSnGW5c=u,ͽ}:/̢2ð&`^[\"ZH|z[5\0UG*<C	w:}*6lpSC2~Sz)cTƞ1hdږ_&@+iCt5v*36gG׾gn_c&L?ŎrsSd\"(U*wrԓځҠ>tL\0h8R3)B\058ǩ;=SNs\09ZA(iOz\0Ay)?J\0P{*;&4_ .~\\Ilў]eqG\\Ѻoj)wQ@\r&\'4\0IN}#4sڐ(<1h\0=#8v&8@>gcҌR1##@	Pt:Ӏ\0b^xOoƅ\0\0iz\n0F1\0z6Z]%f(QWcJ_4B=j)KD5Tu_d`S[\ZFN&|:S{5zOW;dJ\\zRdR=`ޔ$4O<e<ҫV8#::;0;w[HL\'G/̦e2Hx=;yZ\'$.Z)1Cg^\\rieޅFJ7n3(楻3Xtyiv\0=h /.:Pss?!`Pz]{vzz\0T/irGH9@	qItN(Qҟ鏥!)Ͻ$)q\0\0{AosJIgEh;zQ\0jQHQ4:tIdP99&Z\0\\cKMsF})\0ⓓZ23\'.x?cNs\0=q)K\0.=i6?\n^r_\\4\0v\0QPhU@>\\|X\\>mv,7Vb)GqҲ5met	[Ҵe9+rAVo)\r9A!n;PO3\0??49*z\0w8`qN2rMT7&NȄF)4N6\ns)ⶔnoĸ{AӦM9:iʹ)qM\\>	\')r>ZE#8Ȩg^JSm\n3׊H	4uA)1\r =x\02)=q~\0jNs\09K0i;恐h\0\'\0ץSwf\\Pt\'ڃR4zP\0xRd(q@\n=z{i~^ԽG@\rR4Pp?7b\0JrH>88zS@\n#ޛ\n@u sqBܚ\0L֔Ǩ()0\n^&x8)xcHG˻Qs@\0=ϥA\0hݞN~iTֱ	f̓L\r}2#fy>cS;b`\0)WFȲ򔍣U,{\nN\0ޤ٬#z9tR_҂qR!3ܚM-!:21Flb<zݘAI#cʰ)LԆoIUR*iJOEqQksFEIeth	;X\n	Jr3g4_zq\0dьjġ$ubu(ɠJ0+/CAP4Hs@=N\r.GJP2qIhq&<ӂ#tրc>iNHlSYqրcN<G~j2sJwj\02:uӠ6(ϱf\0$\n)	<');
/*!40000 ALTER TABLE `news` ENABLE KEYS */;
UNLOCK TABLES;

--
-- Table structure for table `players`
--

DROP TABLE IF EXISTS `players`;
/*!40101 SET @saved_cs_client     = @@character_set_client */;
/*!40101 SET character_set_client = utf8 */;
CREATE TABLE `players` (
  `JucatorID` char(10) NOT NULL,
  `Nume` varchar(255) DEFAULT NULL,
  `Prenume` varchar(255) DEFAULT NULL,
  `TaraID` char(3) DEFAULT NULL,
  `Numar` int(11) NOT NULL,
  `Pozitie` varchar(25) NOT NULL,
  `DataNasterii` date NOT NULL,
  `Inaltime` char(5) NOT NULL,
  `PositionID` char(3) DEFAULT NULL,
  PRIMARY KEY (`JucatorID`),
  KEY `TaraID` (`TaraID`),
  CONSTRAINT `players_ibfk_1` FOREIGN KEY (`TaraID`) REFERENCES `teams` (`TaraID`)
) ENGINE=InnoDB DEFAULT CHARSET=latin1;
/*!40101 SET character_set_client = @saved_cs_client */;

--
-- Dumping data for table `players`
--

LOCK TABLES `players` WRITE;
/*!40000 ALTER TABLE `players` DISABLE KEYS */;
INSERT INTO `players` VALUES ('ARG001','Messi','Lionel','ARG',10,'forward','1987-06-24','1.70','4FW'),('ARG002','Fernádez','Enzo','ARG',24,'midfielder','2001-01-17','1.78','3MF'),('ARG003','Di María','Ángel','ARG',11,'forward','1988-02-14','1.78','4FW'),('ARG004','Álvarez','Julián','ARG',9,'forward','2000-01-31','1.80','4FW'),('ARG005','Mac Allister','Alexis','ARG',20,'midfielder','1998-12-24','1.81','3MF'),('ARG006','Paredes','Leandro','ARG',5,'midfielder','1994-06-29','1.82','3MF'),('ARG007','Montiel','Gonzalo','ARG',4,'defender','1997-01-01','1.75','2DF'),('ARG008','Martínez','Latro','ARG',22,'forward','1997-08-22','1.74','4FW'),('ARG009','Acuña','Marcos','ARG',8,'defender','1991-10-28','1.81','2DF'),('AUS001','Ryan','Mat ','AUS',1,'goalkeeper','1992-04-08','1.84','1GK'),('AUS002','Godwin','Craig ','AUS',23,'forward','1991-12-16','1.80','4FW'),('AUS003','Duke','Mitchell ','AUS',15,'forward','1991-01-18','1.85','4FW'),('AUS004','Lekie','Matew ','AUS',7,'forward','1991-02-04','1.81','4FW'),('BEL001','Hazard','Eden','BEL',10,'forward','1991-01-07','1.81','4FW'),('BEL002','Batshuay','Michy','BEL',23,'forward','1992-10-02','1.79','4FW'),('BEL003','Onana','Amadu','BEL',18,'midfielder','2001-08-16','1.85','3MF'),('BRA001','Silva','Thiago','BRA',3,'defender','1983-09-22','1.81','2DF'),('BRA002','Richarlison','','BRA',9,'forward','1997-05-10','1.84','4FW'),('BRA003','Casemiro','','BRA',5,'midfielder','1992-02-23','1.80','3MF'),('BRA004','Vinícius','','BRA',20,'forward','2000-07-12','1.83','4FW'),('BRA005','Neymar','','BRA',10,'forward','1992-02-05','1.82','4FW'),('BRA006','Paquetá','Lucas','BRA',7,'midfielder','1997-08-27','1.80','3MF'),('BRA007','Rodrygo','','BRA',21,'forward','2001-01-09','1.81','4FW'),('BRA008','Pedro','','BRA',25,'forward','1997-06-20','1.79','4FW'),('BRA009','Marquinhos','','BRA',4,'defender','1994-05-14','1.80','2DF'),('CAN001','Hutchinson ','Atiba ','CAN',13,'midfielder','1983-02-08','1.81','3MF'),('CAN002','Davies ','Alphonso ','CAN',19,'defender','2000-11-02','1.82','2DF'),('CMR001','Abakar','Vincent','CMR',10,'forward','1992-01-22','1.82','4FW'),('CMR002','Casteleto','Charles','CMR',21,'defender','1995-01-26','1.86','2DF'),('CMR003','Choupo','Eric','CMR',13,'forward','1989-03-23','1.81','4FW'),('CRC001','Ruiz','Bryan','CRC',10,'midfielder','1985-08-18','1.83','3MF'),('CRC002','Fuller','Keysher','CRC',4,'defender','1994-07-24','1.81','2DF'),('CRC003','Tejeda','Yeltsin','CRC',17,'midfielder','1992-03-17','1.79','3MF'),('CRC004','Vargas','Jua','CRC',3,'defender','1995-06-06','1.92','2DF'),('CRC005','Calvo','Francisco','CRC',15,'defender','1992-07-11','1.85','2DF'),('CRO001','Modric','Luka','CRO',10,'midfielder','1985-09-09','1.72','3MF'),('CRO002','Kamaric','Andrej','CRO',9,'forward','1991-06-19','1.77','4FW'),('CRO003','Livaja','Marko','CRO',14,'forward','1993-08-26','1.84','4FW'),('CRO004','Majer','Lovro','CRO',7,'midfielder','1998-01-17','1.80','3MF'),('CRO005','Perišic','Ivan','CRO',4,'forward','1989-02-02','1.80','4FW'),('CRO006','Vlašic','Nikola','CRO',13,'midfielder','1997-10-04','1.80','3MF'),('CRO007','Brozovic','Marlo','CRO',11,'midfielder','1992-11-16','1.81','3MF'),('CRO008','Pašalic','Mario','CRO',15,'midfielder','1995-02-09','1/82','3MF'),('CRO009','Petkovic','Bruno','CRO',16,'forward','1994-02-16','1.80','4FW'),('CRO010','Oršic','Mislav','CRO',18,'forward','1992-12-29','1.79','4FW'),('DEN001','Kjær','Simon','DEN',4,'defender','1998-03-26','1.83','2DF'),('DEN002','Christen','Andreas','DEN',6,'midfielder','1996-04-10','1.81','3MF'),('ECU001','Valencia','Enner','ECU',13,'forward','1989-11-04','1.77','4FW'),('ECU002','Caicedo','Moisé','ECU',23,'midfielder','2001-11-02','1.80','3MF'),('ECU003','Méndez','Sebas','ECU',20,'midfielder','1997-04-26','1.80','3MF'),('ENG001','Kane','Henry','ENG',9,'forward','1993-07-28','1.88','4FW'),('ENG002','Belligham','Jude','ENG',22,'midfielder','2003-06-29','1.86','3MF'),('ENG003','Saka','Bukayo','ENG',17,'forward','2001-09-05','1.78','4FW'),('ENG004','Sterling','Rahem','ENG',10,'forward','1994-12-08','1.79','4FW'),('ENG005','Rashford  ','Marcus','ENG',11,'forward','1994-10-31','1.83','4FW'),('ENG006','Grealish','Jack','ENG',7,'forward','1995-09-10','1.78','4FW'),('ENG007','Foden','Phil','ENG',20,'forward','2000-05-28','1.88','4FW'),('ENG008','Henderson ','Jordan','ENG',8,'midfielder','1990-06-17','1.82','3MF'),('ESP001','Busquets','Sergio','ESP',5,'midfielder','1988-07-16','1.83','3MF'),('ESP002','Sánchez  ','Robert','ESP',1,'goalkeeper','1997-11-18','1.87','1GK'),('ESP003','Azpilicueta','César','ESP',2,'defender','1989-08-28','1.78','2DF'),('ESP004','García','Eric','ESP',3,'defender','2001-01-09','1.79','2DF'),('ESP005','Torres','Pau','ESP',4,'defender','1997-01-16','1.81','2DF'),('ESP006','Balde','Alejadro','ESP',14,'defender','2003-10-18','1.80','2DF'),('ESP007','Gulamón','Hugo','ESP',15,'defender','2000-01-31','1.82','2DF'),('ESP008','Alba','Jordi','ESP',18,'defender','1989-03-21','1.76','2DF'),('ESP009','Carvajal','Dani','ESP',20,'defender','1992-01-11','1.79','2DF'),('ESP010','Laporte','Ayeric','ESP',24,'defender','1994-05-27','1.84','2DF'),('ESP011','Lorente','Marcos','ESP',6,'midfielder','1995-01-30','1.79','3MF'),('ESP012','Koke','','ESP',8,'midfielder','1992-01-08','1.82','3MF'),('ESP013','Gavi','','ESP',9,'midfielder','2004-08-05','1.87','3MF'),('ESP014','Rodri','','ESP',16,'midfielder','1996-06-22','1.85','3MF'),('ESP015','Soler','Carlos','ESP',19,'midfielder','1997-01-02','1.76','3MF'),('ESP016','Pedri','','ESP',26,'midfielder','2002-11-25','1.74','3MF'),('ESP017','Morata','Álvaro','ESP',7,'forward','1992-10-23','1.73','4FW'),('ESP018','Asensio','Marco','ESP',10,'forward','1996-01-21','1.77','4FW'),('ESP019','Torres','Ferran','ESP',11,'forward','2000-02-29','1.78','4FW'),('ESP020','Williams','Nico','ESP',12,'forward','2002-07-12','1.83','4FW'),('ESP021','Pino','Yeremy','ESP',17,'forward','2002-10-20','1.81','4FW'),('ESP022','Olmo','Dani','ESP',21,'forward','1998-05-07','1.79','4FW'),('ESP023','Sarabia','Pablo','ESP',22,'forward','1992-05-11','1.73','4FW'),('ESP024','Fati','Ansu','ESP',25,'forward','2002-10-31','1.77','4FW'),('FRA001','Lloris','Hugo','FRA',1,'goalkeeper','1986-12-26','1.85','1GK'),('FRA002','Rabiot','Adrien','FRA',14,'midfielder','1995-04-03','1.76','3MF'),('FRA003','Mbappé','Kylian','FRA',10,'forward','1998-12-20','1.78','4FW'),('FRA004','Giroud','Olivier','FRA',9,'forward','1986-09-30','1.82','4FW'),('FRA005','Tchouaméni','Aurélien','FRA',8,'midfielder','2000-01-27','1.87','3MF'),('GER001','Neuer','Manuel','GER',1,'goalkeeper','1986-03-27','1.83','1GK'),('GER002','Güdogan','Ilkay','GER',21,'midfielder','1990-10-24','1.78','3MF'),('GER003','Füllkrug','Niclas','GER',9,'forward','1993-02-09','1.89','4FW'),('GER004','Gnabry','Serge','GER',10,'forward','1995-07-14','1.85','4FW'),('GER005','Havertz','Kai','GER',7,'midfielder','1999-06-23','1.88','3MF'),('GHA001','Ayew','André','GHA',10,'midfielder','1989-12-17','1.79','3MF'),('GHA002','Bukari','Osman','GHA',11,'forward','1998-12-13','1.80','4FW'),('GHA003','Kudus','Mohammed','GHA',20,'midfielder','2000-08-02','1.80','3MF'),('GHA004','Salisu','Mohammed','GHA',4,'defender','1999-04-17','1.81','2DF'),('IRN001','Hajsafi','Ehsan','IRN',3,'defender','1990-02-25','1.78','2DF'),('IRN002','Taremi','Mehdi','IRN',9,'forward','1992-07-18','1.85','4FW'),('IRN003','Rezian','Ramin','IRN',23,'defender','1990-03-21','1.79','2DF'),('IRN004','Chesmi','Robeh','IRN',15,'defender','1993-07-24','1.83','2DF'),('IRN005','Jahanbakhsh','Alireza','IRN',7,'midfielder','1993-08-11','1.81','3MF'),('JPN001','Yoshida','Maya','JPN',22,'defender','1988-08-24','1.79','2DF'),('JPN002','Doan','Ritsu','JPN',8,'midfielder','1998-06-16','1.75','3MF'),('JPN003','Asano','Takuma','JPN',18,'forward','1994-11-10','1.77','4FW'),('JPN004','Tanaka','Ao','JPN',17,'midfielder ','1998-09-10','1.80','3MF'),('JPN005','Maeda','Daizen','JPN',25,'forward','1997-10-20','1.79','4FW'),('JPN006','Minano','Takumi','JPN',10,'midfielder','1995-01-16','1.74','3MF'),('JPN007','Mitoma','Kaoru','JPN',9,'midfielder','1997-05-20','1.78','3MF'),('JPN008','Itakura','Ko Shogo','JPN',4,'defender','1997-01-27','1.80','2DF'),('KOR001','Heung-min','Son','KOR',7,'midfielder','1992-07-08','1.83','3MF'),('KOR002','Gue-sung','Cho','KOR',9,'forward','1998-01-25','1.88','4FW'),('KOR003','Young-gon','Kim','KOR',19,'defender','1990-02-27','1.81','2DF'),('KOR004','He-can','Hwang','KOR',11,'midfielder','1996-01-26','1.80','3MF'),('KOR005','Seung-ho','Paik','KOR',8,'midfielder','1997-03-17','1.82','3MF'),('KSA001','Al-Faraj','Salman','KSA',7,'midfielder','1989-08-01','1.80','3MF'),('KSA002','Al-Shehri','Saleh','KSA',11,'forward','1993-11-01','1.78','4FW'),('KSA003','Al-Dwari','Salem','KSA',10,'midfielder','1991-08-19','1.81','3MF'),('KSA004','Al-Mali','Abellah','KSA',12,'midfielder','1994-10-11','1.81','3MF'),('MAR001','Saiss','Romain','MAR',6,'defender','1990-03-26','1.85','2DF'),('MAR002','Aboukhlal','Zakaria','MAR',14,'forward','2000-02-18','1.82','4FW'),('MAR003','Ziyech','Hakim','MAR',7,'forward','1993-03-19','1.85','4FW'),('MAR004','En-Nesyri','Youssef','MAR',19,'forward','1997-06-01','1.88','4FW'),('MAR005','Aguerd','Nayef','MAR',5,'defender','1996-03-30','1.81','2DF'),('MAR006','Sabiri','Abdelhamid','MAR',11,'midfielder','1996-11-26','1.85','3MF'),('MAR007','Benoun','Badr','MAR',24,'defender','1993-09-30','1.93','2DF'),('MAR008','Hakimi','Achraf','MAR',2,'defender','1998-11-04','1.81','2DF'),('MAR009','Cheddira','Walid','MAR',21,'forward','1998-01-22','1.86','4FW'),('MEX001','Guardado','Andrés','MEX',18,'midfielder','1986-09-28','1.79','3MF'),('MEX002','Martín','Henry','MEX',20,'forward','1992-11-18','1.79','4FW'),('MEX003','Chávez','Luis','MEX',24,'midfielder','1996-01-15','1.80','3MF'),('NED001','van Dijk','Virgil','NED',4,'defender','1991-07-08','1.93','2DF'),('NED002','Gakpo','Cody','NED',8,'midfielder','1999-05-07','1.89','3MF'),('NED003','Klaassen','Davy','NED',14,'midfielder','1993-02-21','1.78','3MF'),('NED004','Jong','Frenkie','NED',21,'midfielder','1997-05-12','1.88','3MF'),('NED005','Depay','Memphis','NED',10,'forward','1994-02-13','1.87','4FW'),('NED006','Blind','Daley','NED',17,'defender','1990-03-09','1.88','2DF'),('NED007','Dumfries','Denzel','NED',22,'defender','1996-04-18','1.89','2DF'),('NED008','Weghorst','Wout','NED',19,'forward','1992-08-07','1.97','4FW'),('NED009','de Jong','Luuk','NED',9,'forward','1990-08-27','1.88','4FW'),('NED010','Berghuis','Steven','NED',11,'midfielder','1991-12-19','1.89','3MF'),('NED011','Koopmeiners','Teun','NED',20,'midfielder','1998-02-28','1.90','3MF'),('POL001','Lewandowski','Robert','POL',9,'forward','1988-08-21','1.85','4FW'),('POL002','Zielinski','Piotr','POL',20,'midfielder','1994-05-20','1.83','3MF'),('POR001','Ronaldo','Cristiano','POR',7,'forward','1985-02-05','1.87','4FW'),('POR002','Félix','João','POR',11,'forward','1999-11-10','1.81','4FW'),('POR003','Leão','Rafael','POR',15,'forward','1999-06-10','1.79','4FW'),('POR004','Ferandes','Bruno','POR',8,'midfielder','1994-09-08','1.85','3MF'),('POR005','Horta','Ricardo','POR',21,'forward','1994-09-15','1.83','4FW'),('POR006','Ramos','Goçalo','POR',26,'forward','2001-06-20','1.85','4FW'),('POR007','Pepe','','POR',3,'defender','1983-02-26','1.88','2DF'),('POR008','Guerreiro ','Raphaë','POR',5,'defender','1993-12-22','1.70','2DF'),('QAT001','Al-Haydos','Hassan','QAT',10,'forward','1990-12-11','1.70','4FW'),('QAT002','Muntari','Mohammed','QAT',9,'forward','1993-12-20','1.92','4FW'),('SEN001','Koulialy','Kalidu','SEN',3,'defender','1991-06-20','1.86','2DF'),('SEN002','Dia','Boulaye','SEN',9,'forward','1996-11-16','1.80','4FW'),('SEN003','Diédio','Famara','SEN',19,'forward','1992-12-15','1.81','4FW'),('SEN004','Dieng','Bamba','SEN',20,'forward','2000-03-23','1.82','4FW'),('SEN005','Sarr','Ismaïla','SEN',18,'forward','1998-02-25','1.81','4FW'),('SEN006','Guseye','Idrissa','SEN',5,'midfielder','1989-09-26','1.87','3MF'),('SRB001','Tadic','Dušan','SRB',10,'midfielder','1988-11-20','1.79','3MF'),('SRB002','Pavlovic','Strahinja','SRB',2,'defender','2001-05-24','1.80','2DF'),('SRB003','Milinkovic-Savic','Sergej','SRB',20,'midfielder','1995-02-27','1.83','3MF'),('SRB004','Mitrovic','Aleksandar','SRB',9,'forward','1994-09-14','1.85','4FW'),('SRB005','Vlahovic','Dušan','SRB',18,'forward','2000-01-28','1.82','4FW'),('SUI001','Xhaka','Granit','SUI',10,'midfielder','1992-09-27','1.83','3MF'),('SUI002','Embolo','Breel','SUI',7,'forward','1997-02-14','1.81','4FW'),('SUI003','Shaqiri','Xherdan','SUI',23,'midfielder','1991-10-11','1.82','3MF'),('SUI004','Freuler','Remo','SUI',8,'midfielder','1992-09-27','1.80','3MF'),('SUI005','Akanji','Manuel','SUI',5,'defender','1995-07-19','1.87','2DF'),('TUN001','Msakni','Youssef','TUN',7,'forward','1990-10-28','1.80','4FW'),('TUN002','Khazri','Wahbi','TUN',10,'forward','1991-02-08','1.81','4FW'),('URU001','Godín','Diego','URU',3,'defender','1986-02-16','1.80','2DF'),('URU002','Arasceta','Giorgian','URU',10,'midfielder','1994-06-01','1.87','3MF'),('USA001','Adams','Tyler','USA',9,'midfielder','1999-02-14','1.75','3MF'),('USA002','Weah','Timothy','USA',21,'forward','2000-02-22','1.79','4FW'),('USA003','Pulisic','Christian','USA',10,'forward','1998-09-18','1.78','4FW'),('USA004','Wright','Haji','USA',19,'forward','1998-03-27','1.91','4FW'),('WAL001','Bale','Gareth','WAL',11,'forward','1989-07-16','1.85','4FW'),('WAL002','Hennessey','Wayne','WAL',1,'goalkeeper','1987-01-24','1.98','1GK');
/*!40000 ALTER TABLE `players` ENABLE KEYS */;
UNLOCK TABLES;

--
-- Table structure for table `referees`
--

DROP TABLE IF EXISTS `referees`;
/*!40101 SET @saved_cs_client     = @@character_set_client */;
/*!40101 SET character_set_client = utf8 */;
CREATE TABLE `referees` (
  `ArbitruSefID` varchar(50) NOT NULL,
  `Nume` varchar(255) NOT NULL,
  `Prenume` varchar(255) NOT NULL,
  `TaraProvenienta` varchar(255) NOT NULL,
  PRIMARY KEY (`ArbitruSefID`)
) ENGINE=InnoDB DEFAULT CHARSET=latin1;
/*!40101 SET character_set_client = @saved_cs_client */;

--
-- Dumping data for table `referees`
--

LOCK TABLES `referees` WRITE;
/*!40000 ALTER TABLE `referees` DISABLE KEYS */;
INSERT INTO `referees` VALUES ('ALG1A','Ghorbal','Mustapha','Algeria'),('ARG1A','Rapallini','Fernando','Argentina'),('ARG2A','Tello','Facundo','Argentina'),('AUS001A','Beath','Chris','Australia'),('BRA001A','Claus','Raphael','Brasil'),('BRA002A','Sampaio','Wilton','Brasil'),('CHN1A','Ning','Ma','China'),('ENG1A','Oliver','Michael','England'),('ENG2A','Taylor','Anthony','England'),('ESP1A','Mateu Lahoz','Antonio','Spain'),('FRA1A','Frappart','Stéphanie','France'),('FRA2A','Turpin','Clément','France'),('GAM1A','Gasma','Bakary','Gambia'),('GER1A','Siebert','Daniel','Germany'),('GUA1A','Escobar','Mario','Guatemala'),('HON1A','Martínez','Saíd','Honduras'),('IRN1A','Faghanni','Alireza','Iran'),('ITA001A','Orsato','Daniele','Italy'),('JPN1A','Yamashita','Yoshimi','Japan'),('MEX001A','Ramos','César Arturo','Mexico'),('NED1A','Makelie','Danny','Netherlands'),('NZL1A','Coger','Mathew','New Zealand'),('PER1A','Ortega','Kevin','Peru'),('POL1A','Marciniak','Szymon','Poland'),('QAT001A','Al-Jassim','Abdulrahman','Qatar'),('ROU1A','Kovács','István','Romania'),('RSA001A','Gomes','Victor','South Africa'),('RWA1A','Mukansanga','Salima','Rwanda'),('SEN1A','Ndiaye','Maguette','Senegal'),('SLV001A','Barton','Iván','El Salvador'),('SVN001A','Vincic','Slavko','Slovenia'),('UAE001A','Hassan','Mohammed','United Arab Emirates'),('URU1A','Maonte','Andrés','Uruguay'),('USA1A','Elfath','Ismail','United States'),('VEN1A','Valenzuela','Jesús','Venezuela'),('ZAM1A','Sikazwe','Janny','Zambia');
/*!40000 ALTER TABLE `referees` ENABLE KEYS */;
UNLOCK TABLES;

--
-- Table structure for table `referees_matches`
--

DROP TABLE IF EXISTS `referees_matches`;
/*!40101 SET @saved_cs_client     = @@character_set_client */;
/*!40101 SET character_set_client = utf8 */;
CREATE TABLE `referees_matches` (
  `MeciID` char(9) NOT NULL,
  `ArbitruID` varchar(50) NOT NULL,
  `Sef` varchar(50) DEFAULT 'no',
  PRIMARY KEY (`MeciID`,`ArbitruID`),
  KEY `referees_matches_relation_2` (`ArbitruID`),
  CONSTRAINT `referees_matches_relation_2` FOREIGN KEY (`ArbitruID`) REFERENCES `referees` (`ArbitruSefID`) ON DELETE CASCADE ON UPDATE NO ACTION,
  CONSTRAINT `referees_matches_relation_1` FOREIGN KEY (`MeciID`) REFERENCES `matches` (`MeciID`) ON DELETE CASCADE ON UPDATE NO ACTION
) ENGINE=InnoDB DEFAULT CHARSET=latin1;
/*!40101 SET character_set_client = @saved_cs_client */;

--
-- Dumping data for table `referees_matches`
--

LOCK TABLES `referees_matches` WRITE;
/*!40000 ALTER TABLE `referees_matches` DISABLE KEYS */;
INSERT INTO `referees_matches` VALUES ('001QATECU','ITA001A','yes'),('002ENGIRN','BRA001A','yes'),('003SENNED','BRA002A','yes'),('004USAWAL','QAT001A','yes'),('005ARGKSA','SVN001A','yes'),('006DENTUN','MEX001A','yes'),('007MEXPOL','AUS001A','yes'),('008FRAAUS','RSA001A','yes'),('009BENCAN','ZAM1A','yes'),('010ESPCRC','UAE001A','yes'),('011GERJPN','SLV001A','yes'),('012MARCRO','ARG1A','yes'),('013SUICRM','ARG2A','yes'),('014URUKOR','FRA2A','yes'),('015PORGHA','USA1A','yes'),('016BRASRB','IRN1A','yes'),('017WALIRN','GUA1A','yes'),('018QATSEN','ESP1A','yes'),('019NEDECU','ALG1A','yes'),('020ENGUSA','VEN1A','yes'),('021TUNAUS','GER1A','yes'),('022POLKSA','BRA002A','yes'),('023FRADEN','POL1A','yes'),('024ARGMEX','ITA001A','yes'),('024ARGMEX','POL1A','no'),('025JPNCRC','ENG1A','yes'),('026BELMAR','MEX001A','yes'),('027CROCAN','URU1A','yes'),('028ESPGER','NED1A','yes'),('029CMRSRB','UAE001A','yes'),('030KORGHA','ENG2A','yes'),('031BRASUI','SLV001A','yes'),('032PORURU','IRN1A','yes'),('033WALENG','SVN001A','yes'),('034IRNUSA','ESP1A','yes'),('035ECUSEN','FRA2A','yes'),('036NEDQAT','GAM1A','yes'),('037AUSDEN','ALG1A','yes'),('038TUNFRA','NZL1A','yes'),('039POLARG','NED1A','yes'),('040KSAMEX','ENG1A','yes'),('041CROBEL','ENG2A','yes'),('042CANMAR','BRA001A','yes'),('043JPNESP','RSA001A','yes'),('044CRCGER','FRA1A','yes'),('045GHAURU','GER1A','yes'),('046KORPOR','ARG2A','yes'),('047SRBSUI','ARG1A','yes'),('048CMRBRA','USA1A','yes'),('049NEDUSA','BRA002A','yes'),('050ARGAUS','POL1A','yes'),('051FRAPOL','VEN1A','yes'),('052ENGSEN','SLV001A','yes'),('053JPNCRO','USA1A','yes'),('054BRAKOR','FRA2A','yes'),('055MARESP','ARG1A','yes'),('056PORSUI','MEX001A','yes'),('057CROBRA','ENG1A','yes'),('058NEDARG','ESP1A','yes'),('059MARPOR','ARG1A','yes'),('060ENGFRA','BRA002A','yes'),('061ARGCRO','ITA001A','yes'),('062FRAMAR','MEX001A','yes');
/*!40000 ALTER TABLE `referees_matches` ENABLE KEYS */;
UNLOCK TABLES;

--
-- Table structure for table `stadiums`
--

DROP TABLE IF EXISTS `stadiums`;
/*!40101 SET @saved_cs_client     = @@character_set_client */;
/*!40101 SET character_set_client = utf8 */;
CREATE TABLE `stadiums` (
  `StadionID` varchar(50) NOT NULL,
  `Denumire` varchar(50) NOT NULL,
  `Oras` varchar(50) NOT NULL,
  `Capacitate` int(11) NOT NULL,
  PRIMARY KEY (`StadionID`)
) ENGINE=InnoDB DEFAULT CHARSET=latin1;
/*!40101 SET character_set_client = @saved_cs_client */;

--
-- Dumping data for table `stadiums`
--

LOCK TABLES `stadiums` WRITE;
/*!40000 ALTER TABLE `stadiums` DISABLE KEYS */;
INSERT INTO `stadiums` VALUES ('ALKH261','Al Bayt Stadium','Al Khor',68895),('ALRY441','Khalifa International Stadium','Al Rayyan',45857),('ALRY452','Education City Stadium','Al Rayyan',44667),('ALRY463','Ahmad bin Ali Stadium','Al Rayyan',45032),('ALWK541','Al Janoub Stadium','Al Wakrah',44325),('DOHA341','Stadium 974              ','Doha',44089),('DOHA352','Al Thumama Stadium','Doha',44400),('LSIL181','Lusail Iconic Stadium','Lusail',88966);
/*!40000 ALTER TABLE `stadiums` ENABLE KEYS */;
UNLOCK TABLES;

--
-- Table structure for table `teams`
--

DROP TABLE IF EXISTS `teams`;
/*!40101 SET @saved_cs_client     = @@character_set_client */;
/*!40101 SET character_set_client = utf8 */;
CREATE TABLE `teams` (
  `TaraID` char(3) NOT NULL,
  `Denumire` varchar(50) NOT NULL,
  `Grupa` char(1) NOT NULL,
  `PunctajGrupe` int(11) NOT NULL DEFAULT '0',
  `Confederatie` varchar(50) NOT NULL,
  `Antrenor` varchar(100) NOT NULL,
  `CapitanID` char(10) DEFAULT NULL,
  `Flag` blob,
  PRIMARY KEY (`TaraID`),
  KEY `CapitanID` (`CapitanID`),
  CONSTRAINT `teams_ibfk_1` FOREIGN KEY (`CapitanID`) REFERENCES `players` (`JucatorID`)
) ENGINE=InnoDB DEFAULT CHARSET=latin1;
/*!40101 SET character_set_client = @saved_cs_client */;

--
-- Dumping data for table `teams`
--

LOCK TABLES `teams` WRITE;
/*!40000 ALTER TABLE `teams` DISABLE KEYS */;
INSERT INTO `teams` VALUES ('ARG','Argentina','C',6,'CONMEBOL','Lionel Scaloni','ARG001','\0JFIF\0\0H\0H\0\0\0Exif\0\0MM\0*\0\0\0\0\0\0\0\0\0\0\0i\0\0\0\0\0\0\0&\0\0\0\0\0\0\0\0\0\0\0\0\\\0\0\0\0\0\0\0p\0\0\0\097\0\0\0\0\0\097\0\0\0\0\0\02022:12:15 00:52:11\02022:12:15 00:52:11\0\0\0http://ns.adobe.com/xap/1.0/\0<?xpacket begin=\'﻿\' id=\'W5M0MpCehiHzreSzNTczkc9d\'?>\r\n<x:xmpmeta xmlns:x=\"adobe:ns:meta/\"><rdf:RDF xmlns:rdf=\"http://www.w3.org/1999/02/22-rdf-syntax-ns#\"><rdf:Description rdf:about=\"uuid:faf5bdd5-ba3d-11da-ad31-d33d75182f1b\" xmlns:xmp=\"http://ns.adobe.com/xap/1.0/\"><xmp:CreateDate>2022-12-15T00:52:11.970</xmp:CreateDate></rdf:Description></rdf:RDF></x:xmpmeta>\r\n<?xpacket end=\'w\'?>\0C\0\r	\n\n\r\n\r \' .)10.)-,3:J>36F7,-@WAFLNRSR2>ZaZP`JQRO\0C&&O5-5OOOOOOOOOOOOOOOOOOOOOOOOOOOOOOOOOOOOOOOOOOOOOOOOOO\0\0>\0^\"\0\0\0\0\0\0\0\0\0\0\0\0	\n\0\0\0\0}\0!1AQa\"q2#BR$3br	\n\Z%&\'()*456789:CDEFGHIJSTUVWXYZcdefghijstuvwxyz\0\0\0\0\0\0\0\0	\n\0\0\0w\0!1AQaq\"2B	#3Rbr\n$4%\Z&\'()*56789:CDEFGHIJSTUVWXYZcdefghijstuvwxyz\0\0\0?\0Ӣ+<(\0(\0(\0(\0([g(?\0\nho39g+o0kg)v:ºbp3\\1ߠ|si$f숿.Ig*Η{!ː0tqy)cfs_߇?GWKEkOs_߇?GWKEax\0l\0t7\0\0O\'1:+ٿ\0\0\0\n?o\0:?>5}I#\'P:Jٿ\0\0\0\n?o\0:?²p(SM9|I9$JخOf\0{\0(ٿ\0N	ҏ,E,\\dβ\0o\0:?\0\0>2~?\0\0f\0{\0(1(QEqQ@Q@Q@Q@Q@'),('AUS','Australia','D',6,'AFC','Graham Arnold','AUS001','PNG\r\n\Z\n\0\0\0\rIHDR\0\0\0^\0\0\0>\0\0\0\\\0\0\0PLTE+Q+O)Q+Q:*O+R<p9*S)M*T7.T\"?4Hg\"8X8wASpVg+>`璞ly3Wz0TrJ]zcq&BIa呜b(K0L 9<U-H杨Rb|ꬴZmgyp%E{ሕgIhxUoq\'Mw\0\0\0IDATXXkwH	4a06\rGfbԼj278|:GTݪU(MD0tM*\'P\'QRiX]tԭ8S_}lN\\>-Ehlc#DdɻS-\ZM!ȅO/OE1wX)n*RD+c@Ҽ\r\\}gc57`i6\rhwΟ)e~\"0W/nO5OnXɝd&KE\'+g0T5u[3\"E@({IÁI+u-Ycly8{B0=V`h!ǻR^pFu2wjwKn[ۨ_\Zc+gEIDoY֎yj֩ŦI{\0եͲm%%I(nCBQR<.!F37N~Y34#Cp=ll\'8xƸX%m7ܮ4|ڟͷƒo:2f_&\n_rḁ܎y1J4z|[c~qͲDd4\rkm#ϻ\Zf2_6O/2}^-Ccr]+GB^x\ZOSExx?_rM nˮa7\\%&>+v9Sf(:,R{E՜[k\'\Z8	 y̖y;s4h)\n1ek=~	b; Ecu\\0*qr787e[ikJpQÁ3rJ1[#Ibg\r{p5<z/coU-s|xX/v͵.ucִz/\"%\Zq.BJgA\\5ؤF&u|w@7*6pOX&j33H1)ZhC[r^_{6jLyj˯@P	C= ; nI/omZh=wOV\rnw#Vo0M`1ȹƧ27}y]2/m`\"Ȇ_?ʗrė.\'j۴mTd!t$7dcd{1W^jDAq?}GwX`Q\ZzƧcN	t?	C>=vO#J~\n:^t^ʙD\0d}Iۻ	[f?ǣ[7fZdvSdS$UN\"6\"{PrZR{W)hiZy&ittT	jʠ佀-E7Lka\0ԄQ$q,{Գw.=P+4\nnw/8QZt?&ugvo\'!@hi5`3ѯ7[J\'[,ƌE{)\nu=&$)3p\r-v~Za2<.M7Փ^9a_9\nd@(X!p3NכlYz_k\0u=\r\0\0\0\0IENDB`'),('BEL','Belgium','F',4,'UEFA','Roberto Martínez','BEL001','PNG\r\n\Z\n\0\0\0\rIHDR\0\0\0^\0\0\0>\0\0\0P\0\0\0PLTE\0! 6  iZT.M%Ly\0\0\0-IDATHcD&U	0U?~TQGՏU?f_KZ\0\0\0\0IENDB`'),('BRA','Brazil','G',6,'CONMEBOL','Tite','BRA001','PNG\r\n\Z\n\0\0\0\rIHDR\0\0\0^\0\0\0>\0\0\0\\\0\0&PLTE\0PTNH\0HHPRNIHKGP	MHK)b&E\ZH>>\nKQ	JAu2BT#	L8\Z=PWY4׵/k XlܾІլ%|,s,[e*F+^}߲b5!1~N8kj07Cpr;izaшxP!~ѥQ8]|GpΞХR,6\0\0\\IDATXXiWJM;:;eT}ƍQg\Z\'<=u֭[c?gvbqW.FTfVdR̠I\'vL兹6ƙ7N.=Q~QaT;::~mvJm[H!l\rM(=r]Txw_4z[??mm=\"=5sqm1E<$V|8\"Y X\"3{z|o>%(ijGoB>\nsB0Ery+w}e6_cdHbo=˲X<fyєmcw`I\"K$X?JXBSvRcn\Zs(|g%Fp_IFgY\nyn\ZSi@@|mghl+)pHn䞬sڦ6Zb!KS)6S&gk1~mDhi.}p\0ۍp菱yAzLR-ƂkA1 ٚUh0;t.sUJ/,@,vKͥ1EzHj{~:j<9Yʖa+X>1s~n>q{xZp)+GNc]EbәO>t>~;>Y+\rbq9&u61gT3+t5;^yznkh\0[}Lu-E #ֽbFRA`ASQtZ~\\\06p&2m8!cSW\0ʪW]wʁbW5zf{G܂c1\\yAT~]:{cm\"R!0\ZrbҀLYJr]?zVo\\\0YKpze,-Ai3= )h2×V%w>T\\VC\\X^eprXzBru)l\Z	7Xռ\ZUZTg9ߘ6п6$$$MޟAD7&_TA\Z*BPN4\Zq,)}Aȯ%g^QAqWӫT(lFnkirن,\"SiޥW\nk_T+l#ɡ:$ԁMKW\"T,VƇߕڊGhAG{J\\**%us`x}?kC~9aJy{z>vs\\D0&}?oXj-s<`8$$MIPy<n:YR+V+g`+DfJIC?\n:S[6DF?X}F;=Ӊ(cBHtp\rZAD^i>JrYix\0<pqSK޾M!ZK8?rup~Ulw1r;Kbv<Eq\nj~\'vK?xuCL430!P\'q=}5cW7C\'sGiT̀b}ߘXIܘd`?2AD_\\8`\'ҦR`!4:G[`C51I8&|z3&1o\0\0\0\0IENDB`'),('CAN','Canada','F',0,'CONCACAF','John Herdman','CAN001','PNG\r\n\Z\n\0\0\0\rIHDR\0\0\0^\0\0\0>\0\0\0\\\0\0\0BPLTE@3A3>2KAeZrkC6XO Mx1\0\0%IDATXn DKs0$Zlkix4E\riܿ4ӧZ7wz!QBz\\EڑΠm\'?M$& EߙÙ)EDb\0sz&	ÆXZYϥo;gά};{AiN9jCA9[\0s\";<m䜆=Qa簅c\0/HOld(8c^җuDqgo@kXZ$=R#StF\r\nXx,=swN\ZA^D_0K{elt_-#?nuYz*?5`LA{eL0:Ez^dXVЧ*{jmG}e`myH|M3(_hn9	%4Jf{R}?K0ʽY#?Vѿ*G?2zI>e\0	4usrZ/\"-VKl\">rNu!eZ)^Y)\0j3X+`Q|NSf-WL(ʓa~W2:zwzʕ6Mz.\0\0\0\0IENDB`'),('CMR','Cameroon','G',4,'CAF','Rigobert Song','CMR001','PNG\r\n\Z\n\0\0\0\rIHDR\0\0\0^\0\0\0>\0\0\0P\0\0\0$PLTE6\0\0H7IKiD./Z\"\r2->\0\0\0IDATHcPBa(E0U?~g$|nO@HS@zNAqs	J(bԳWJr̯h]DgTNbqgNR-@>3!V=H+@RīZ@zG7Q\nFDIs,&Z=$oG+\0	yQ\0\0\0\0IENDB`'),('CRC','Costa Rica','E',3,'CONCACAF','Luis Fernando Suárez','CRC001','PNG\r\n\Z\n\0\0\0\rIHDR\0\0\0^\0\0\0>\0\0\0P\0\0\0PLTE6\0HH3NM 8\0\0\0BIDATHcP\"\r0ZIQ4A\Z``]B\Z-oP\04h{=:\0\0\0\0IENDB`'),('CRO','Croatia','F',5,'UEFA','Zlatko Dalic','CRO001','PNG\r\n\Z\n\0\0\0\rIHDR\0\0\0^\0\0\0>\0\0\0\\\0\0PLTE\0g!x\0hM$[OMOPLN*`_OSpMLOSf4hLf@oX\']d+^1dsgiqNyp#Và\"\\U}&[ɱb;d聟WuCRwlƨxݥ9kdO/R8L3{ƴ$]{?3q%}OȬ=^?w\n)0ֻрŠ|Ho*;jЅOka̼pL|z^lׁءġ}^NT}U6Dh?v\0\0jIDATXOxR,M(\nD9EEzרΪ3f%l~~/O\"֯\nrqT%cwJ8oH&n%t=)W0e`~~ly,>QZ$W$ߐǭŇ{4<)\'+M9ˣZ-<,b|zaAL8{~߳XyvɫTF\\Li%ihZz[zZLʍcKwg՗sH܋iq)ث-x\\Uz7ߞ~:HzؐHo\nKvhhdx&xZ\Zcd&kjtp\0~)O\\\\(Tfc##ny57͝řV@]ʈbo@,Z.;ұgL|KW#[J	aJ,@a!6.u#_\ZQں&/tUdوl;E-Q /f\'Ɉ\'QWiZI26R8pRz7IuC	If%+jwvFrgXLA \Z;9\Z0V4 $`Vm7.3w2ƅymul-Ei(m젇g=l!47\r=Sfݾ\ZBu=CP)o`M\0GAX7C<4 IYHjU60\Z|,%tꫬuoFz!>q7E8Q-4B9Ӈ}\r!?\r}O|<(+\n>YGz\"As<lU7E1!Aind\n$INW\'#-F8jq$RIt$kl0Ƙ	jgOO-4x㜸e4A`05],\neBhLǼ,Pu]`c	K#?Xо\"X\"֕\\\ZAd%$)B>Qi#Gk4d5Y?\"-%O[8n^߈ZTzԈOH[\"\"<r5\\/%9\0\0\0\0IENDB`'),('DEN','Denmark','D',1,'UEFA','Kasper Hjulmand','DEN001','PNG\r\n\Z\n\0\0\0\rIHDR\0\0\0^\0\0\0>\0\0\0P\0\0\0PLTE<BGNT\\diNȸ\0\0\0`IDATHc`@@@4U?~Tzj7.d~\nA+DWojPdR\Z9~TQ8\0\0cb7\0\0\0\0IENDB`'),('ECU','Ecuador','A',4,'CONMEBOL','Gustavo Alfaro','ECU001','PNG\r\n\Z\n\0\0\0\rIHDR\0\0\0^\0\0\0>\0\0\0\\\0\0PLTEcw\0w\0xOc:x\0xO\0yae_x`Rb\0wxe^x]dRPwоYhbJdW;wYl#y`n_ԸS\\;wh0ŲXt*vĳѱN@x xd]X[N_=[;pq~NWhuUllPp([Xtgĸ`èGj+X\\2kz\ZzIc\'WiPA?f%kúƟ@}`vĚiV߰exQ¶:F\Zx>wItD~Ee?3SinJ}=W2s[~QmIrdjc[?qR?`LI\'V.-c3mZM:vSycwg;Lx)`p&oi|yd2i+jn_eXsPZ]vicwiLdS`LOzLG\'WV~Q#F6S:QqTI(m<ƏdOyMW&^6`idOAb\\0K\\HtL6mRfdO;uS{NuE\ZJTga<xW̻gu̬^4sȂyyQI+rCH0vHSw0˝BbhF|tmrǲqLrU?v;pƳ^YԢ\\]>o8\0\0)IDATXc``Q0T\0777++(\"/P\nJ\n&_q-LU@JE[W\nj-w\'\ZPRNUF&Y())˾o\r2[EE%SI[*sWt6PQY\\@J%Y_l,+5\\*\ZГ1ő_vq~~6\"0j<b0Wc(-\nLR\Z/a%E\\KS37xDx)N)b%qU%+]b%7qwa\n/ű+vd}`CUc\n)0йu4EJgYSkߡ4u\0O=www2g8px\r<L\r{&a<H(Ɯ9UnTWZVNݺ*NXήW[zjd+Qg$6{{߂,6嬠/1\" kɟ4ei6TW&NoMP3a`$o<u9984_׈VFB@QACDI	]z$$\'B7A`6tcr\'Z˭HP/;! Ĥ \nړꧺs	:})g	j&xs7\'Zr	ֵ9\\4\'gvh^Sn$]q$fQxu!_\']zmZQn\"T0bQ5-jKLx\'2RxN#\rQOꄪ10CD*@C-<gQǧZkj.\"n]QU5LU?_K:~˗d0gfX~hx@Ljs*/n!#ΗRfʊ>KsTF jq>A>F\ZƻsX̜,Cx&BD҇SH<hq	;%	3ADvmF6Wo-zX4WMYY\rD(B rE,Y4Ə\Z?j4\02o]\0\0\0\0IENDB`'),('ENG','England','B',7,'UEFA','Gareth Southgate','ENG001','PNG\r\n\Z\n\0\0\0\rIHDR\0\0\0^\0\0\0>\0\0\0P\0\0\0PLTE6;UPhM\0\0\0XIDATHc@	èQGSK1QMp\0*0\nF2PpK1bIE\n[>~Tz\0_a1\0\0\0\0IENDB`'),('ESP','Spain','E',4,'UEFA','Luis Enrique','ESP001','\0JFIF\0\0\0\0\0\0\0\0		\n\n	\r\r,  ,\'/&$&/\'F7117FQD@DQbXXb|v|\r\r%\Z\Z\Z%8#)##)#82<1.1<2YF>>FYgVRVg}pp}\0\0>\0^\0\0~\0\0\0\0\0\0\0\0\0\0\0\0\0\0\0\0\0\0\0\0\0\0\0R!\"AT1#r\0\0\0\0\0\0\0\0\0\0\0\0\0\0\0\0\0\0\0\0!QRS1\"2AqB\0\0\0?\0˔O\0\0\0\0\0\0\0\0\0\0\0\094;c\\܌dCMe2\\&l2r.PÓCG(aɡ܆K0QC%rhv(!94;a{r=dCMe2\\&l2r.PÓCG(秕\0\0\n%O9#1?\ZK/RUivvF-7NNɻ\0[ig2Vr)]ji;o\rN?8d\0\0\0\0\0\0\0\0\0Uă/nK\0N!wKB5i$2v Ғݻ#_U|4X+[_ћ*u57rqV\']8J<WE\nEr1娨U\0D)jj?HVݜ[6oʋ;{lvw[B4%M(8-;;JF\0\0\0\0\0\0\0\nzYjj\rcg\\w\0(GQ\r9ay%y{b>W\n]ԕUu4:R	VM,ye$ԫ\'uK=[55V,>T|E^-ki\n\n\'fi\r3c\'QgJ)&h 	F.]9m8qoJJFmI?__Sl\0\0\0\0\06vڇ	=ߧW/AgcW/LL!9KkѧRV{6*3\\Is%L3w+W^]rm=zUM%YbVM{J\Zmőx_I\\VkU)&YZ\\#;emI=T(oouZK}|/E]H*j`ᥫm-ter3;GC?O_?\'gh~zzXgh~zzXgh~zzXgh~zzXgh~zzX\0\0\0\0\0\0\0\0\0\0\0\0\0\0\0\0\0\0\0\0\0\0\0\0\0'),('FRA','France','D',6,'UEFA','Didier Deschamps','FRA001','PNG\r\n\Z\n\0\0\0\rIHDR\0\0\0^\0\0\0>\0\0\0P\0\0\0PLTE\0TA3V}qm\0\0\0,IDATH1\0 jE2nɜv?Ͼ\0\0\0\0IENDB`'),('GER','Germany','E',4,'UEFA','Hansi Flick','GER001','PNG\r\n\Z\n\0\0\0\rIHDR\0\0\0^\0\0\0>\0\0\0P\0\0\0PLTE63! 6. 53:pI\0\0\04IDATHcP\"\r0U?~w!\r0F(CIGՏz\0Lݚ\Z\0\0\0\0\0IENDB`'),('GHA','Ghana','H',3,'CAF','Otto Addo','GHA001','PNG\r\n\Z\n\0\0\0\rIHDR\0\0\0^\0\0\0>\0\0\0\\\0\0\0BPLTE\0\"|67\0n<o?6\0o<\" 5$4ڼyePC;.5$5x:\0\0\0IDATXk Ѕ\Z(_\rJ3=a:(zի^W}öi\ZV4V820<o:AuFd6N26q f}]T!3m|<WfT[rKN\Zc!yLoo\Z2%F<{?l(t׎tΞ|rZ9`J.) QiB|Gc,(֢Nի^W7fz\n.\0\0\0\0IENDB`'),('IRN','Iran','B',3,'AFC','Carlos Queiroz','IRN001','PNG\r\n\Z\n\0\0\0\rIHDR\0\0\0^\0\0\0>\0\0\0\\\0\0\0PLTE6}ңUm\0P\0Np\0Q8vLlqΜJcbŌ8OfhʕN<tAxH}}ڴڻ`ɐXŉˋ׮\0M>YVavӧj~7R33p-mG^M%C2L3d\0\0IDATXksHA\'fCȝA.^_=cΩ=UXCO*jGwwퟞ&=??vyyy}};~#No.߂0hdZ,ZZb^.bhyaT\0%0Smr[.whR\'6`kS;SH&:AM|3vhSEi\nBf꾯OG LSkE09ilMh5\ri^k4fIQ{QjSm2]fH_OZiK3knNuqK}{dζ- vҌ}?cNwt^NZnp(p|Xx<t:&T>N1<5T?OPOP0\Z3\ZR`Lay<\"<R bX	RPZMP#<B#;ӝ4.0\'(\ZE̈/;Hvi=~/0)e%$qY\"fwQF+l(olO\"P_s5&BaDpofy@1R9.ofxΖMW*,S6Jhp(=r\\ec5-,^^\"UHxY3s YU(\nGР~EW5p/&|n^b)<7a7|oK3t(@Ûy՝o`~i}RG5 }&=F`:j	G:BE/t^Y`6	?\nz;sY(܋<eqYEVErCeҊ( TU5v8\ZFK0f3=&k i+ڃ0葡Ow5\n< am\nm\nW2 P4	@FpVk%q7W41k;Jڍ#UʭHk)\\Z$]ERcS$i&R)\nZn,e	[\"%P$r#`<I$ٍynY\nIJK⬴DsυPǱg+j{y(HD1\"\r	^M\\p\nVaöwCP>(Xϭõ`=q{\"U\0\0\0\0IENDB`'),('JPN','Japan','E',6,'AFC','Hajime Moriyasu','JPN001','PNG\r\n\Z\n\0\0\0\rIHDR\0\0\0^\0\0\0>\0\0\0\\\0\0\0<PLTE6E`5?5av}0M۩\0\0IDATXI0o^To*hC.:B,у#mۆTqOeu.dG*p\0!Z3,:ե#w\"?xq.\r<\':]IN\"xyt:j\ZY؀C%ޢ|Z.A.oc\0eGV7Fnd#H ![ñ;эm<YXw-DC+ɉ~B,o|sLi[oNZ3]]kD[-l\'Drr^dǤtaZq|ۧꐷ)GiS\\s83M/R.\'VqZ_X[pF,A\r|kKk֯1lL<1mYjvc|;HÕ\0\0\0\0IENDB`'),('KOR','South Korea','H',4,'AFC','Paulo Bento','KOR001','PNG\r\n\Z\n\0\0\0\rIHDR\0\0\0^\0\0\0>\0\0\0\\\0\0\0PLTE756\"$ !J0<Dlkk귷sssſ)&\'-9.8\'4NMM0..|||KgffA??VUUѠGFFIGg_^^ckџ7W藜\"Hu4[2Cb@y9F{NX̧|<j2Iﷻ:FnHDge(@k|ȭ۞\0\0JIDATXY8HYQP}oefo&Q<C׃Z+I*59ݒ8{C~\r֘uXd.S*&\01\0@cFpNo^,Uw	$-Ej.RFä4*+wX\0Mޕ(&C(_ɮU-#\'3(s=ށmS<da4I9p\\.ţq-z8Nb=}_ϓ~tLGcha4)(8f2U \nUݠ)x@\\8+O4#a\Z)BÅ#y9G*ѭ\0}pfR/KM6Ye-u(a⢺XXȡ5Wx6hĵ#^g#jm#M }jG<%0`4uEZyiTx.:\"s.O/I|4L^o>k?|yL?L$G\nLxL(:%KjNj?IHMjRO7s\r)ެ>OǤ$*}EVzjOcSL9f39\'%WtT$ݵ)\njpFq߃AV`Ww!4ýs%	CQ_Tx堿/[<jiĲkt.=#Ďg\\FX\rz]pnF%^Ll_\Z[1\0y}R}cؖ휿h#ߍG_0m,8!?N7?̉}K\0cLN	21%-=th\'>jr}FqVk93\'oJk5NM?隌˝x4>rҔteU=W\Zj]p\\ [=o^%+UUDrt#s2\Zit`汹GwFdw1wM-kB݃B0cW_hI6YE9	ǓM:)\ZvKe>d6	/2|5uKۢY\ra>sQd\0\0\0\0IENDB`'),('KSA','Saudi Arabia','C',3,'AFC','Hervé Renard','KSA001','PNG\r\n\Z\n\0\0\0\rIHDR\0\0\0^\0\0\0>\0\0\0\\\0\0\0PLTE\0o<uo=pm<tDn;n9p;p@7a+X\ZxK{1\\Ǵ\"|PEk=gcۛįkĬϾPvuY~٦̻Kraυ[\\u\0\0\rIDATG6\0פ$*S|oF@/XUx<:09SJ%TD\n2& ($n!5p\ZxmvM5A\\AMg8T2h:\"@1[iOB¯4m5¤mQ2j\"ϡP]N[;\"V:Q}P;&a0SQzR{9*}Yx~HnGq~z;PU~=yd0h9YSgyޢ&q&^T1)s?2!<zOGю4PpA&u38r]%&sI9U뜘4FIִGZ_wES${F= R,>sWXp1<0M)QSG<buZ]=qjn\'_cݕeDn;?Mz\Z6Ѫ5*K3q\"4޵G/oI(;:|NXڿDz$KaunEG53	70+R]{E 6ģ}WV*!]W2W9]ɲ0AduCYZ C.hr\\D|ٖ^i(gppQ]6q|h\'2dϣL&qEp$h	$8R@I	҂2FepP@!\0/P A)\0`p\0!H\0	 II	߂wlGq\\|zTG |\nX=O o\0*	P%E6\0\0\0\0IENDB`'),('MAR','Morocco','F',7,'CAF','Walid Regragui','MAR001','PNG\r\n\Z\n\0\0\0\rIHDR\0\0\0^\0\0\0>\0\0\0P\0\0\0*PLTEOOPO:mOPOcP&wO:PFPO$PjUO0OR9\0\0\0IDATHc``tLzo@IHQHzn%m\Z320ph\nFCFH8I,hW**/\n/Ro JTwiSq1\rSy8p]L\"/TQLt1.PH]Lij\Zv`RЩCA	DoT(QE{$0, =2Abgdd6&V=032Q0\n5\0\05\"Y\0\0\0\0\0IENDB`'),('MEX','Mexico','C',4,'CONCACAF','Gerardo Martino','MEX001','PNG\r\n\Z\n\0\0\0\rIHDR\0\0\0^\0\0\0>\0\0\0\\\0\0}PLTE`uYoJ6kI+O#xK#rM,sK(V%(rYeE$Kpa@pF\"5{ckRק}u\\ɼґX&s~^{úZz\nkK݃gL͚9u`ʾyR5=~hLtkEǤ]=kvjQqySrX̲_иYcy?tRخշQnmQ8ůk\'[JS\"sQ©rAs;f!sikIIϭ}M2H|ozMXs}[|{FYұϹf8y9:V=J\0\0nIDATXRA`d&vGqsIA#s:|ꮚg^ۼۼ#\0GbŏyS5>KLi,U!Dgz2?-eBdp6:	\ZڑND|g֦1PzbRy?\'K#\\՚Gk\Zܜ,PtxA#9Ne)M\0r \n< .˚JjbB\0\Z<O:+O33HtQcVvq|D|ɾBG$*>Ň{$qn.g1ãS1Yll(M\nU*\'Kњ7^$4x|@ƻ$pZh$E,Nk/	Z8MWuo.uKƯu4^tJ|go˅JbgO	ƒR\"[Ou{_U0%](8X6=CGۛ^`~jڳ\'F:A\0`p4،=B\\zmћ7K\'#j0N$ހ8e3ús0!\Zb1־mmm߼\0ZwP#\0\0\0\0IENDB`'),('NED','Netherlands','A',7,'UEFA','Louis van Gaal','NED001','PNG\r\n\Z\n\0\0\0\rIHDR\0\0\0^\0\0\0>\0\0\0P\0\0\0PLTE6\0]%C\"p֬P\0\0\04IDATHc$\r0U?~7&\r0F(CHGՏz\0{6>\0\0\0\0IENDB`'),('POL','Poland','C',4,'UEFA','Czeslaw Michniewicz','POL001','PNG\r\n\Z\n\0\0\0\rIHDR\0\0\0^\0\0\0>\0\0\0HD\0\0\0PLTE5#\\=ZG\0\0\0$IDAT8cF%F%*`(#\0\0Iv\0\0\0\0IENDB`'),('POR','Portugal','H',6,'UEFA','Fernando Santos','POR001','PNG\r\n\Z\n\0\0\0\rIHDR\0\0\0^\0\0\0>\0\0\0\\\0\0PLTE1#0&o=0\"m>1#n:\0o</$3#2#1!fc. /#h\0p:d_0m9_co?s::ndqdm>1&n89,7~>\\[QZ\\lbZd]hRBpg7.&hϨQ%v=Q,˽YўM6%Xo]_A&:&K=5k@]1K)]aЉBkLDuzNkUIF)F=u;盕E)5!ҴUҺXc:g4`TVGSM}gtse[fOV-^TKXtO̸MޟU/±Rr>oH~<eaܴWRPEĽjpCP\\Pښiҭw>ʿ}ypତېȻret@e:KYvQT=ʎujZϽu]1U.^qO~Iz{|k2}ZؘLHye͊Yrryyiƛfj㨦}rt{\0\0IDATXsf\0p	YBH Y jr`؀빗s{{O{##g&IEjw?@OE-|oMËD*3HQfB\nq\r0$QNL&INNk5\rS	$*>UibFN\'2 ([3JlNjMٺE&۵_>挗|mD	#:Y84ST2R\rώ,.\0ZqkY\0ח!0N<\"ɪ5BP˵hZ`?^Xgr׮^vw~d\Zg{ۤ=xǳJ_N	NK+WڵZ40N(u\Z[$s0:-6!L:G\'=QyR\Z@%78~	n5;Mʽz=<Ͽ~r/bx]%tߣ0Û>5Mnuo#\0ae7lH_~WsW9DԆ~ugicqqwg=NOe+,4\0@Khl?us	GH\"V}\0,GGQ[j֟!+:O_a\"\Z_l0gI\\KfsStli\nFwy\'}dv1gr!ԃg߽{dܤpoz7NYRME%Cyء5|an\\tpǋBrMy<surA9Ԟ]vKȚFc:ݠ;e aaPtvp[\ZQND\'*8&Er\n:,04I(\n5*\Zٲr\0@H^L$7!C\\4	oo^ݚ|o\'O_*9\r\0\0\0\0IENDB`'),('QAT','Qatar','A',0,'AFC','Félix Sánchez','QAT001','PNG\r\n\Z\n\0\0\0\rIHDR\0\0\0^\0\0\0>\0\0\0\\\0\0\0BPLTE=C;Xu<٤Jj\'L̠Ɣ<]ԯgPz\0\0IDATXõr0DH_$3éa3WfXϫu~_붜~Wk9O} ?|y?\"㵟fHkCC~#y`\nT}~Ik`\Z$߰k$9JlCb%_;}zg\Z#P5@|F;63>ʷm9bP<1J1A>u\r^gL0=}޸	g2fpO1ᄶC3,9S=\'(>nB9kő!;&:qpLm0&|\03wxU:wHl7bֺ(o}	}AI}ak)ӆ,pj\r0{gk} F^<rB?<8pLV`&tӓ1NǑ\'=\'O15>?E\0\0\0\0IENDB`'),('SEN','Senegal','A',6,'CAF','Aliou Cissé','SEN001','PNG\r\n\Z\n\0\0\0\rIHDR\0\0\0^\0\0\0>\0\0\0P\0\0\0!PLTE\0Q\06];T..Bz+=&\0\0\0IDATHԱ\n0TZG\nukv$UP\r,}M]v>~\rl]XEGyhg)Qy7bWNvE#Xlҹ-vgէYx&4n4uݐ[;ce-)J<$X^uyn?>/RBj\0\0\0\0IENDB`'),('SRB','Serbia','G',1,'UEFA','Dusan Tadic','SRB001','PNG\r\n\Z\n\0\0\0\rIHDR\0\0\0^\0\0\0>\0\0\0\\\0\0[PLTEQS\Z2aQ\Z2_2a2a,Ai,0^U1b2bQQR)Ak4e\ZTODpN-J)\\\ZO!NfK<Eq?CBdӧ9)Iד<Mkͣ:n3bt+@lՇ1`PRwY?3Eެs4uɡG8f%V㲽V{o[A|<ˮiAAeⓧ/Y1Fےտk?̌l94E>.YӫHz݅gbtGrFpW{Ԏ?eâ|$NQk䪳΅ȾZVy5_}g5BAMAyIׄ8ƿܧ>5A_b߀ڀT|$YW>2^ϙ[:ӼSpuYjgzlG>l֗Ȭ[͘:͋=2a7Eg⊟垯ߜڣzVl&KH]^{ocG~?x\\WIͭ3QziD͆yxtl3?Бu;GG<WAWxiEH5\0\0IDATXSHe&	XV\\pq7nmlL-!{ \Z{ɥrrgVڑfW?-}sPr1sz2&fD/\Z/b`;;%`\r\\ǟ74)J`C\\kRMicb ujaDE.ո8ݎ+7q+beH,qݹ+z8WF7VSQpNPHo\\Aۧ<.2cKt}4>Sm0}:j&+ovZN͋W_peo3ݙpo=zdz3lzL7`Oh8LpJ4a=4+=]==ޞ̮[{]v2`(fkǳf3wNN@LIO;gWK7jo7+xɉlxL$r:B1,uR&Nbjip6~Ӷd(.(x;%2Z4âCSkeOl`g넲Ô~K81:^F:P(@u.uXT^=A%S*/1^\ZUC3 v>z#82\n>;P&pbeqk:;\'`\0!$vၠ{.#x)MF.@p9+^g	B\rHOg2ei\r*\ntcڎ	)ӜlSJrmn	$5 OWR)Nd2F̲:9*&k_4Om#trLYP9;^BJۦVT]-%H)--`)\"Oo}zC4M~؟+\n^<;Ld=Eyݭ꾆&E|nV@IL<(?%p,hQ;6@S\"S1!{>9笮nr}űJ`BTpx,9PQGX¬Eګklp6Zk\'\0eg֪ZTW<3[y\"0jZmdA	\"}lk벵z,\n4]eTgVicmW_!F\',[Gtwն>U?^ާB8~أ>Hi4^S~h]^^qn(>0ˈnPb|z~L1\0\0\0\0IENDB`'),('SUI','Switzerland','G',6,'UEFA','Murat Yakin','SUI001','PNG\r\n\Z\n\0\0\0\rIHDR\0\0\0^\0\0\0>\0\0\0P\0\0\0PLTE88~asm~芕CY벻l\0\0\0IDATHc$\r0HUHzh$Z8a  E=0n@@VRĭ^Q#\r2Y<!ED*]8)W<\0ŊGUO?(@HD9TUrB83$m	S^)\"mتw\05gՏ\Z AGWU=\0ZR\0\0\0\0IENDB`'),('TUN','Tunisia','D',4,'CAF','Jalel Kadri','TUN001','PNG\r\n\Z\n\0\0\0\rIHDR\0\0\0^\0\0\0>\0\0\0\\\0\0\0cPLTE6357\Z84.L%BGay[r>=Xh};+\0\0IDATY6\nB˻Q*\'Rq7~~~~~K2M2)S¤|O)3}uAaDѽZtZHȍB$nBԀ3qV>	!WD*3v\Z+`%>S0n$b̨4		=ڦɜ<|i|xPLȊ:QлX\'Hă 51jhg2ZUH\"<p9\n7bV`~E.uAf\n܂Ł:<H\rfREFz\0y\r3ȁ~xLEףFId?^b8\\3*a;NiZ\0\rfnf!+>\'\0.ݴn&VTY%l)\rFc*.\Zi\0c6s2ԬIFT[lGJ\Z%dũSH?23+jhzx\nrcDDfNτ\Z9EY݃ܟw\"3#q3)#Jo2p.NѹƎff;:} ndFg\'dn=Ɍj F@Nڷ6A\"MQK!$ksJ_p\ZZQiAc~͏%DH&,~\n?T\r`]\\$\"e>]Dϑ_z[\"2N9_\n\'S z\0\0\0\0IENDB`'),('URU','Uruguay','H',4,'CONMEBOL','Diego Alonso','URU001','PNG\r\n\Z\n\0\0\0\rIHDR\0\0\0^\0\0\0>\0\0\0\\\0\0\0PLTE #޹ִέUΖ1<۽	ոҪɳLyĪ/࢈\rJ³nPڶwf_Uf$\0\0IDATXn@E+ve/gf_9V(	ҡz*2LJ1CBD H0<mgC@\0 \0rF\ZʌF8π㷏kTOp3PS=`G}y-\0_i6t<Z*M\n;^˥z2ZJ]MR8&z-}[E.nyRO̦p뜗i<,Y:}\"n|-\"@qK4֋ķYGe򲲺um{,So- A֞wNunyP0qZJcucvx\r*u9Uqm4b+>A)XR>udtMڪ6Ȁ\n՜scŊuȄz\'ઢ^-CQU]$D/V{nME{mUaE\0ܘuS\'Z١paBE@RR\'3@..]mԻ:۾+̲Udsss~huvGK#]J?>Q%! ^!yiCMRWIɮZYRI^&+MKJ6)C]R@NJJ\")JHs	F\0\0\0\0IENDB`'),('USA','United States','B',5,'CONCACAF','Gregg Berhalter','USA001','PNG\r\n\Z\n\0\0\0\rIHDR\0\0\0^\0\0\0>\0\0\0\\\0\0\0PLTEEHDBDHCHQJ웱Nv鐦V{3`L:nX)ck{JzN`ׂoͷܭQSk9i#]3\0\0IDATXՖˎER=ÖʇH]U-5! \\D\0\0LB!0OL=$\"a\0)ᮊ}/&m\ZmMM6\r8ԠvA\Z@f@o0Bp~Im8mvVls@LIR@ ԺCXv!3$@Ч>N>NAY6K,.yYvY0iy83=g{*]wu-})\0Ў})K\'Lto<C2|=O(S䏩\nȏär/܋[vKN9K\rZ\0|]g}2@^z,a8s\0(TS[~y]$Ϻ	\ZdL\njS-jD[\n(e<<Yv\'J]evԁB\0ZvOGkټZn5ꑫhy3#ڶ63͞5m|/\"03<;SES{\r&$o\r81y,ϳ#\\QcevDIftH+@ю:ZF	{ѧ*%STTی^\nZa%@˒C\n-\nݗ\n}q\"LOm&Yސg%x3ce))\"(r_:B}H2qt}\n;D1UeER\\9,ټ\'<r/Nv˽Tcy;C:S<xVyjPk%jҦEߺx|IX^i]ֵ}oわ% dBǭ>0PNI3Ovs>\no߾SsS^Jr))\rit!tO޾^Iz{}x)irCz!]ҟ.vRm!\rҴ\Z+:9\0\0\0\0\0IENDB`'),('WAL','Wales','B',1,'UEFA','Rob Page','WAL001','PNG\r\n\Z\n\0\0\0\rIHDR\0\0\0^\0\0\0>\0\0\0\\\0\0PLTEZ8[Z[556Z6YW88,\Z-118\Z05W603+ݹ.4:732\Z,3++39328]\Z123+6Z(L\r]]\Z07\rXR+T1Q(6\r[&}FmB6/tBVRU:x;5WcB*?<L.Aج\"2 :9h=IIV)C`<mu&4x\'ߧP]y~k#WL6bm%0bJ;0561t++AS5Js},2GV7б 2&.Ĭ5v?5Z4U=.c7.S\\$:@JBP|}˶HL4 1OaB2~t?Enn#g7۷ԳۺU9\0\04IDATXsVǑHWEB` PB6f8u\\;~̸N>׽x73OB{s:nW.Fȶϐ	4B?9oMMwSF\"l%άu]!\'~\\Zp_}Z:xVv|CщV#P5\n\'͟gZ70\\\\Lmp`}^MxdlWh9Y~2[s\ZaՖVȰsBwJmC] 6r^?Ȅ-?˅PM5h,/זZA&Ҙ?&w/54sBl/&Śv0RPR~m:@}jfgT\nػ,P+Ac@C=mTȔEW腔׿dW\r⠙*.;㣯f!I^ΠӧGS-((^ X3\0EQ\0QyZ\n	{j瓅`4iIq:#f3Th=|{+	H)`H0L.W+OCn#PU8!G/g,1CVS!]^^x{T^¹Ĺ\\̻2vUhl^ƹT:isXZ4Wp(l춑̼T\nj\rxkc;\ro\r-\0n4;K%^Wi 1}j9ƣ4t>x<ȮM[]juAYP](CQ%,qⲒK=Qrcţ{+T+GD{Äe\0\ZBӔW)&cZr\n״\"{=SٓX=`ms7uDMeߖ\r\0sgĶKRe{WTg.o̲)=oϬi4M}G&5/[Yc*װ]̇BtR1ibJי(6HtH/}Wv(V}Jl0yča$r	LSbx3fWFFʨ`pβJ:Axhq.\0̶ث\Z1L>톍gsJn<pV;|\0_T&ypFNw$1eP^H4xwqKp|3$fp4W=Oe/BҲ\\VPǛ[VHZnX&{6W=Y^.|DD:hOf4EgfF\\yA׶;\r>8Iu̐zZY.*FH<ySP\0B@Diloo#Y(J0ھNt|r=\"2>xWCѴX6\n5(au+i)(E<RU}mm%!Otܾ%E\0/~z]XN8yKPQ\0	iUr$C:FhU Pgݽ{|#G/큉uEu5,d	IHyzP#\0TOAǏ=\'/ol V$~XLE@J\ZB9y	EP`)闟u#wcc/@)<odMfH\r|\";U$T(1$ @56<ǣ1ӒtQ9)Z6-^kUWdzFmhz4IJ\r(`%ԱѰ&896\'~Z0my<c#ŽᑑYbgE&Bi<an]z(Ŏ2ˆ3$\'*i+?<8t8Î\'/))%Lp4WQy^HcOVX:ni2O?*|^\0$5\\ҕtiM\0O˜OΩcseS ^}!QeDDX)Av7u$0!\"D|`Gh66+\nSm(4PR&yw6yW[ƣ{=|籗569CLјf](K	z)݌HWp#my>ϰ@dRa(q6|7\rx	d6]\\\ZC@0K8T*~VoI9\nD]=ág2Fb宕6KoxV\"xJ\'T#ިӕCGb fا)б0|/PH  w7TYɔئ2Xc0 \"Fݗ9K\Z\\\nSLLQQE&xmgP:ANp)OĐSA\nH%!-&EG[)P\'4Rug\"F*_G>ntjFy(â\\Q\n?\"z:ñx~wSzH\"E6	bx?0O#s{D0~@mש?b\"X\'!) kh<gdwO-AS0V{4rMWlގ4axw_oX/n{K8ǫtD>,\rL{_qֱEL\"ʾ~1/h6ă!t1_9\"^g.*֟}ECHп|tM > G}> WB(pH^~*t.[RuP0D5w\0M&\'zwW{eXe/Sh9JWYZ}\0\0\0\0IENDB`');
/*!40000 ALTER TABLE `teams` ENABLE KEYS */;
UNLOCK TABLES;

--
-- Table structure for table `users`
--

DROP TABLE IF EXISTS `users`;
/*!40101 SET @saved_cs_client     = @@character_set_client */;
/*!40101 SET character_set_client = utf8 */;
CREATE TABLE `users` (
  `Username` varchar(255) NOT NULL,
  `Email` varchar(255) NOT NULL,
  `Password` varchar(50) NOT NULL,
  PRIMARY KEY (`Username`,`Email`)
) ENGINE=InnoDB DEFAULT CHARSET=latin1;
/*!40101 SET character_set_client = @saved_cs_client */;

--
-- Dumping data for table `users`
--

LOCK TABLES `users` WRITE;
/*!40000 ALTER TABLE `users` DISABLE KEYS */;
INSERT INTO `users` VALUES ('admin','admin','admin'),('test1','test','test'),('use','mail','pass'),('usrr','usrr','pass'),('x','x','x');
/*!40000 ALTER TABLE `users` ENABLE KEYS */;
UNLOCK TABLES;
/*!40103 SET TIME_ZONE=@OLD_TIME_ZONE */;

/*!40101 SET SQL_MODE=@OLD_SQL_MODE */;
/*!40014 SET FOREIGN_KEY_CHECKS=@OLD_FOREIGN_KEY_CHECKS */;
/*!40014 SET UNIQUE_CHECKS=@OLD_UNIQUE_CHECKS */;
/*!40111 SET SQL_NOTES=@OLD_SQL_NOTES */;

-- Dump completed on 2023-01-14 14:31:09
